angDist,_RAJ2000,_DEJ2000,recno,SST,CName,l_[3.6],[3.6],e_[3.6],l_[4.5],[4.5],e_[4.5],l_[5.8],[5.8],e_[5.8],l_[8.0],[8.0],e_[8.0],l_[24],[24],e_[24],l_[70],[70],e_[70],l_[160],[160],e_[160],24/70,KS/24,8/24,4.5/8,IRAC,M1,2M,SimbadName,c2dCat,GutCat,Class,SpType,EW,AV,logL*,l_LIR/L,LIR/L,M2,_RA,_DE,Source,RA_ICRS,DE_ICRS,rgeo,b_rgeo,B_rgeo,rpgeo,b_rpgeo,B_rpgeo,Flag
0.905909,63.30875,28.319444,1,041314.1+281910,LkCa 1,,8.54,0.05,,8.5,0.05,,8.41,0.05,,8.43,0.05,,8.28,0.08,>,1.3,,,,,,no,no,no,no,,1,LkCa 1,yso,star,III,M4,,1.3,-0.3,<,2.0E-5,,63.3087,28.3194,163246832135164544,63.30902163571,28.31952237442,127.31964900,126.93290700,127.69936400,127.28978000,126.97179400,127.68742400,10033
0.500443,63.363333,28.273333,2,041327.2+281624,Anon 1,,7.23,0.05,,7.24,0.05,,7.17,0.05,,7.08,0.05,,6.95,0.05,>,1.27,,,,,,no,no,no,no,,1,NAME Herbig's Anon 1,yso,star,III,M0,,3.2,0.4,<,3.8E-5,,63.3633,28.2733,163233981593016064,63.36346516346,28.27340900191,135.89259300,135.31660500,136.55891400,135.71743800,135.13581800,136.34629800,10033
1.250402,63.471667,28.189722,3,041353.2+281123,IRAS04108+2803 A,,9.02,0.05,,8.37,0.05,,7.67,0.05,,6.57,0.05,,3.44,0.04,>,0.19,,>,-2.05,,,yes,yes,yes,yes,b,1,NAME IRAS 04108+2803A,yso,class II,flat,,,,,,,c,63.4717,28.1897,163229544890946944,63.47205850492,28.18968238908,197.36227400,166.31689500,239.92816200,253.71005200,235.90693700,279.69586200,10012
1.155358,63.48875,29.305278,5,041357.3+291819,IRAS04108+2910,,7.48,0.05,,6.84,0.05,,6.26,0.05,,5.54,0.05,,3.13,0.04,,1.15,0.22,>,-3.39,,yes,yes,yes,yes,yes,,1,IRAS04108+2910,yso,class II,II,K5e,-201.4,4.8,-0.4,,0.37,"a,b",63.4887,29.3053,165563674934601856,63.48911799460,29.30527342231,118.96873500,118.09716000,119.74677300,118.96398900,118.09012600,119.76937100,10033
1.232345,63.549167,28.198056,6,041411.8+281153,J04141188+2811535,,10.93,0.06,,10.4,0.05,,10.12,0.07,,8.99,0.06,,5.76,0.01,>,1.03,,,,,,yes,yes,yes,yes,,1,2MASS J04141188+2811535,yso,class II,II,M6.25,,1.7,-1.6,,0.25,,63.5492,28.1981,163182888662060928,63.54955532567,28.19806335942,130.34794600,128.44468700,132.31744400,130.46107500,128.61019900,132.42298900,10033
0.457716,63.55375,28.203333,8,041412.9+281212,V773 Tau ABC,<,6.62,,<,6.1,,,5.13,0.05,,4.38,0.05,,1.69,0.04,,0.27,0.22,,,,yes,yes,yes,,,,1,V773 Tau,,,II,K3,,2.8,0.9,,0.047,,63.5537,28.2033,163184366130809984,63.55389179679,28.20330955070,119.91769400,117.90560900,122.00676700,118.70378100,116.76106300,120.68831600,10033
1.266835,63.55625,28.213611,9,041413.5+281249,FM Tau,,8.09,0.05,,7.67,0.05,,7.36,0.05,,6.42,0.05,,2.92,0.04,,1.07,0.22,,,,yes,yes,yes,yes,yes,,1,FM Tau,yso,class II,II,M0,-99.1,2.4,-0.3,,0.18,a,63.5562,28.2136,163184366130809472,63.55664309355,28.21354898267,131.11280800,130.63844300,131.55001800,131.14369200,130.65451000,131.57269300,10033
1.429928,63.560417,28.466111,10,041414.5+282758,FN Tau,,7.59,0.05,,7.17,0.05,,6.71,0.05,,5.75,0.05,,2.03,0.04,,-0.25,0.22,,,,yes,yes,yes,yes,yes,,1,FN Tau,yso,class II,II,M5,,1.6,-0.2,,0.22,,63.5604,28.4661,164738521519622656,63.56085784984,28.46602397241,129.52734400,129.02380400,130.00845300,129.49998500,129.07409700,130.03747600,10033
0.423151,63.570833,28.1825,11,041417.0+281057,CW Tau,<,6.62,,<,6.1,,,5.08,0.05,,4.51,0.05,,1.75,0.04,,-0.42,0.22,,,,yes,yes,yes,,,,1,CW Tau,,,II,K3,-137.9,6.9,0.6,,0.22,a,63.5708,28.1825,163184091252903936,63.57089217436,28.18260533540,131.29336500,130.66641200,131.99197400,131.27938800,130.52607700,132.06376600,10033
0.379894,63.573333,28.1025,12,041417.6+280609,CIDA-1,,8.67,0.05,,8.13,0.05,,7.59,0.05,,6.71,0.05,,3.53,0.04,,1.28,0.22,,,,yes,yes,yes,yes,yes,,1,[BCG93] 1,yso,class II,II,M5.5,,4.6,-0.7,,0.32,,63.5733,28.1025,163181342473839744,63.57341487257,28.10257694131,133.52368200,132.71447800,134.31910700,133.41647300,132.49412500,134.12468000,10033
1.038779,63.609167,28.100833,13,041426.2+280603,IRAS04113+2758 A,<,6.62,,<,6.1,,,4.63,0.05,,3.79,0.05,<,0.45,,,-2.54,0.22,,-4.35,0.34,,,,,,f,1,[CG2010] IRAS 04113+2758(N),,,I,M2.5,,17.1,0.3,,0.5,,63.6092,28.1008,163181308112262400,63.60949060604,28.10079088272,134.60118100,127.93651600,143.91114800,139.14955100,132.37457300,146.64967300,10021
0.781317,63.627083,28.087222,14,041430.5+280514,MHO-3,,7.22,0.05,,6.49,0.05,,5.75,0.05,,4.53,0.05,<,0.45,,,-1.06,0.22,,-4.15,0.34,,,,yes,yes,,1,[BHS98] MHO 3,,embedded,flat,K7,,11.3,0.3,,0.17,,63.6271,28.0872,163178387536338944,63.62731949210,28.08728176737,177.42120400,172.21757500,182.49156200,177.90229800,172.28062400,184.15647900,10022
0.196090,63.697083,26.773889,15,041447.3+264626,FP Tau,,8.11,0.05,,7.86,0.05,,7.6,0.05,,7.27,0.05,,4.25,0.04,,1.22,0.22,,,,yes,yes,yes,yes,yes,,1,FP Tau,yso,class II,II,M4,,0.8,-0.4,,0.083,,63.6971,26.7739,162757545164429696,63.69714187092,26.77390329741,127.25686600,126.87702900,127.68220500,127.23004200,126.65526600,127.63085200,10033
1.023270,63.699167,26.803056,16,041447.8+264811,CX Tau,,8.48,0.05,,8.13,0.05,,7.68,0.05,,6.63,0.05,,3.35,0.04,,1.23,0.22,,,,yes,yes,yes,yes,yes,,1,CX Tau,yso,class II,II,M2.5,,1.4,-0.3,,0.11,,63.6992,26.8031,162758236656524416,63.69946656377,26.80295955509,126.54956800,126.27562700,126.88140100,126.54229000,126.21266200,126.80365800,10033
1.230121,63.705,28.208333,18,041449.2+281230,FO Tau AB,,7.53,0.05,,7.17,0.05,,6.72,0.05,,5.92,0.05,,2.83,0.04,,0.79,0.22,,,,yes,yes,yes,yes,yes,,1,FO Tau,yso,class II,II,M2,,3.7,0.0,,0.094,,63.705,28.2083,163183644576299264,63.70538579748,28.20836726420,135.05140700,132.43447900,139.44154400,134.98672500,130.72099300,139.03883400,10033
0.946588,63.77125,28.146111,19,041505.1+280846,CIDA-2,,8.9,0.05,,8.79,0.05,,8.71,0.05,,8.68,0.05,,8.45,0.11,>,1.31,,,,,,no,no,no,no,,1,[BCG93] 2,yso,star,III,M4.5,,0.6,-0.5,<,8.2E-5,,63.7712,28.1461,163179521407696384,63.77152885601,28.14601782932,132.98048400,131.96913100,133.90373200,133.25404400,132.28121900,134.42237900,10032
0.434601,63.81125,28.0025,20,041514.7+280009,KPNO-1,,13.23,0.13,,12.72,0.22,,12.94,0.09,,12.81,0.1,>,10.61,,>,0.9,,,,,,,,no,no,,1,[BLH2002] KPNO-Tau 1,,star,III,M8.5,,1.7,-2.4,,0.013,,63.8112,28.0025,163165738856771200,63.81138655685,28.00249392817,130.88418600,120.65077200,142.46586600,122.87175800,116.69123800,134.22894300,10033
1.519334,63.85,29.178611,21,041524.0+291043,J04152409+2910434,,11.86,0.05,,11.79,0.05,,11.66,0.06,,11.48,0.06,>,10.06,,>,1.14,,,,,,,,no,no,,1,2MASS J04152409+2910434,,star,III,M7,,1.3,-1.9,<,0.0046,,63.85,29.1786,164800820022316800,63.85047896574,29.17866787832,161.21339400,155.09686300,167.14679000,157.21017500,150.27053800,162.66754200,10022
0.257207,64.050417,27.943889,22,041612.1+275638,J04161210+2756385,,9.38,0.05,,9.04,0.05,,8.71,0.05,,8.3,0.05,,5.37,0.04,,1.55,0.22,,,,yes,yes,yes,yes,yes,,1,2MASS J04161210+2756385,yso,class II,II,M4.75,,4.6,-0.9,,0.15,,64.0504,27.9439,164474986623118592,64.05049393378,27.94391103431,133.81272900,132.22920200,135.51571700,133.24278300,131.88945000,135.56968700,10022
0.907239,64.078333,27.870833,23,041618.8+275215,J04161885+2752155,,10.88,0.05,,10.78,0.05,,10.67,0.06,,10.68,0.06,>,9.95,,>,1.26,,,,,,,,no,no,,1,2MASS J04161885+2752155,,star,III,M6.25,,1.1,-1.5,<,0.002,,64.0783,27.8708,164470794735041152,64.07861799962,27.87082705917,134.07962000,131.84895300,136.60888700,,,,10000
0.376970,64.117083,28.126389,24,041628.1+280735,LkCa 4,,8.18,0.05,,8.17,0.05,,8.04,0.05,,8.05,0.05,,7.94,0.07,>,1.2,,,,,,no,no,no,no,,1,LkCa 4,yso,star,III,K7,,0.8,0.0,<,5.7E-5,,64.1171,28.1264,164666022471759232,64.11714710754,28.12647713959,129.55896000,129.25915500,129.94723500,129.62702900,129.32159400,129.94735700,10033
0.462353,64.162917,28.980278,25,041639.1+285849,J04163911+2858491,,10.5,0.05,,10.14,0.05,,9.86,0.05,,9.41,0.05,,7.22,0.05,>,1.24,,,,,,yes,yes,yes,yes,,1,2MASS J04163911+2858491,yso,class II,II,M5.5,,2.3,-1.4,,0.082,,64.1629,28.9803,164783811951433856,64.16306204416,28.98029788517,202.26950100,188.34497100,222.64306600,200.58248900,187.26356500,216.60755900,10111
0.654972,64.390417,28.346111,26,041733.7+282046,CY Tau,,7.87,0.05,,7.53,0.05,,7.27,0.05,,6.72,0.05,,4.42,0.04,,1.87,0.22,>,-1.41,,yes,yes,yes,yes,yes,,1,CY Tau,yso,class II,II,M1,,1.7,-0.2,,0.076,,64.3904,28.3461,164698634160139264,64.39058028815,28.34622257359,126.09919000,125.76990500,126.40721100,126.17275200,125.81705500,126.49464400,10033
0.739416,64.412083,28.55,27,041738.9+283300,LkCa 5,,8.93,0.05,,,,,8.8,0.05,,,,,8.66,0.09,>,1.61,,,,,,no,,,,,1,LkCa 5,,,III,M2,,0.2,-0.5,<,5.7E-5,,64.4121,28.55,164705368668853120,64.41231080814,28.55004630030,131.75967400,131.24510200,132.39300500,131.95732100,131.46922300,132.51852400,10033
0.962591,64.45625,28.225278,28,041749.5+281331,KPNO-10,,10.82,0.05,,10.36,0.05,,9.81,0.05,,8.89,0.05,,5.96,0.04,,1.92,0.22,,,,yes,yes,yes,yes,yes,,1,[BLH2002] KPNO-Tau 10,yso,class II,II,M5,,1.1,-1.2,,0.12,,64.4562,28.2253,164506116546058112,64.45653063771,28.22537975369,134.88108800,133.56361400,135.99415600,134.75929300,133.75523400,136.03982500,10033
0.874176,64.456667,28.493333,29,041749.6+282936,V410 X-ray 1,,8.41,0.05,,7.85,0.05,,7.42,0.05,,6.47,0.05,,3.78,0.04,,2.95,0.22,,,,yes,yes,yes,yes,yes,,1,[SS94] V410 X-ray 1,yso,class II,II,M2,,5.5,-0.3,,0.12,,64.4567,28.4933,164702070133970944,64.45694247222,28.49331429176,129.84143100,129.30279500,130.38687100,129.83705100,129.31701700,130.46722400,10033
1.127190,64.532917,28.434167,30,041807.9+282603,V410 X-ray 3,,10.04,0.05,,9.94,0.05,,9.9,0.06,,9.8,0.05,,9.27,0.21,>,1.79,,,,,,yes,yes-faint,no,no,,1,[SS94] V410 X-ray 3,yso,star,III,M6,,0.8,-1.1,<,2.5E-4,,64.5329,28.4342,164513022853468160,64.53326213973,28.43424395742,123.78294400,122.16968500,125.07600400,123.27635200,121.90876000,124.75402800,10022
0.561507,64.57125,28.478056,31,041817.1+282841,V410 Anon 13,,10.23,0.05,,9.94,0.05,,9.49,0.05,,8.81,0.05,,6.04,0.04,,,,>,-0.57,,,yes,yes,yes,yes,,1,[SS94] V410 Anon 13,yso,class II,II,M5,,5.9,-1.1,,0.068,,64.5712,28.4781,164519276325850752,64.57131778826,28.47820014386,127.16287200,123.08688400,131.28762800,126.46763600,123.59169000,129.94902000,10022
0.285129,64.62625,27.722222,34,041830.3+274320,KPNO-11,,10.71,0.05,,10.59,0.05,,10.6,0.06,,10.5,0.06,>,10.01,,>,1.46,,,,,,,,no,no,,1,[BLH2002] KPNO-Tau 11,,star,III,M5.5,,0.0,-1.3,<,0.0018,,64.6262,27.7222,164409359522965120,64.62630277958,27.72228595443,126.82704200,126.25705000,127.49311800,126.67536200,126.01377900,127.31376600,10022
0.349561,64.629583,28.454444,35,041831.1+282716,V410 Tau ABC,,7.36,0.05,,7.34,0.05,,7.34,0.05,,7.25,0.05,,7.14,0.06,>,1.65,,,,,,no,no,no,no,,1,V* V410 Tau,yso,star,III,K3,,1.1,0.4,<,6.5E-5,,64.6296,28.4544,164518589131083136,64.62966192675,28.45437607931,128.70474200,128.33955400,129.11142000,128.66603100,128.36346400,128.96630900,10033
0.558690,64.629583,28.274722,36,041831.1+281629,DD Tau AB,<,6.62,,<,6.1,,,5.29,0.05,,4.48,0.05,,1.75,0.04,,-0.04,0.22,,,,yes,yes,yes,,,,1,DD Tau,,,II,M1,,4.3,0.1,,0.3,,64.6296,28.2747,164507353496637952,64.62974065976,28.27465267878,125.81253800,125.06047800,126.70134700,125.99974100,124.90206100,126.82447100,10033
0.310956,64.669167,28.320833,41,041840.6+281915,V892 Tau,<,6.62,,<,6.1,,,3.61,0.05,<,3.52,,<,0.45,,<,-2.3,,<,-4.9,,,,,,,"c,d",1,V892 Tau,,,flat,A6,-12.7,14.3,2.0,,0.089,,64.6692,28.3208,164513602672978304,64.66925009729,28.32087893316,133.06401100,131.32690400,134.69772300,133.49745200,132.10252400,134.86782800,10033
0.558417,64.677083,28.313611,43,041842.5+281849,V410 X-ray 7,,8.73,0.05,,8.61,0.05,,8.35,0.05,,8.09,0.07,,5.15,0.01,>,-0.3,,>,-2.88,,,yes,yes,yes,no,,1,[SS94] V410 X-ray 7,yso,class II,II,M1,,10.3,-0.1,,0.0092,,64.6771,28.3136,164513400810646912,64.67714149055,28.31375731939,133.51672400,130.33760100,136.26864600,135.22113000,131.49940500,138.75343300,10011
0.531604,64.695833,28.335278,45,041847.0+282007,Hubble 4,,7.09,0.05,,7.04,0.05,,6.95,0.05,,6.96,0.05,,6.78,0.01,>,0.18,,>,-4.19,,,no,no,no,no,,1,Hubble I 4,yso,star,III,K7,,2.5,0.4,<,6.0E-5,,64.6958,28.3353,164513538249595136,64.69599863317,28.33530148854,127.02161400,125.64897200,128.12110900,127.39881100,125.76864600,129.22114600,10033
0.832411,64.712917,28.2425,46,041851.1+281433,KPNO-2,,12.25,0.05,,12.11,0.06,,12.02,0.06,,11.84,0.07,>,9.59,,>,1.59,,,,,,,,no,no,,1,[BLH2002] KPNO-Tau 2,,star,III,M7.5,,0.3,-2.1,,0.0096,,64.7129,28.2425,164495323291866624,64.71317766039,28.24247288211,128.89872700,125.53968800,132.28523300,128.33265700,124.83200100,131.37236000,10022
1.152086,64.714167,28.340556,47,041851.4+282026,CoKu Tau/1,,10.22,0.05,,9.02,0.05,,7.72,0.05,,5.87,0.05,,1.07,0.04,,-0.98,0.22,<,-2.55,,yes,yes,yes,yes,yes,c,1,NAME CoKu Tau 1,yso,embedded,I,K7,,6.5,-0.9,,0.72,,64.7142,28.3406,164513572609331456,64.71452937359,28.34058231577,116.06848100,108.23326900,125.64690400,123.69026200,112.83917200,134.30778500,10033
0.635614,64.742083,28.206389,48,041858.1+281223,IRAS04158+2805,,9.23,0.05,,8.54,0.05,,7.85,0.06,,6.84,0.05,,2.73,0.04,,-0.07,0.22,,-2.51,0.22,yes,yes,yes,yes,yes,,1,IRAS04158+2805,yso,class II,flat,M6,,7.0,-1.3,,0.76,,64.7421,28.2064,164494296796124416,64.74228321500,28.20638249804,129.03552200,120.39337200,138.50782800,135.57598900,127.44604500,144.17408800,10033
0.374161,64.754583,28.328333,49,041901.1+281942,V410 X-ray 6,,8.76,0.05,,8.67,0.05,,8.54,0.05,,8.26,0.05,,3.82,0.04,,0.69,0.22,,,,yes,yes,yes,yes,no,,1,[SS94] V410 X-ray 6,yso,star,II,M4.5,,2.7,-0.5,,0.082,,64.7546,28.3283,164502062096975744,64.75464431078,28.32824417665,126.80317700,125.55185700,127.95162200,126.92800100,125.82859800,128.14492800,10022
1.175375,64.757917,28.375833,51,041901.9+282233,V410 Tau X-ray 5a,,9.64,0.05,,9.55,0.05,,9.43,0.05,,9.39,0.05,,8.88,0.12,>,1.59,,>,-1.28,,,yes,yes,no,no,,1,[SS94] V410 X-ray 5a,yso,star,III,M5,,5.1,-0.8,<,1.5E-4,,64.7579,28.3758,164514053645658752,64.75828535176,28.37579349284,130.94546500,127.89939900,134.32998700,131.84513900,129.42947400,134.43669100,10011
0.779884,64.815833,29.107222,53,041915.8+290626,BP Tau,,7.27,0.05,,6.9,0.05,,6.65,0.05,,5.71,0.05,,2.52,0.04,,0.71,0.22,,,,yes,yes,yes,yes,yes,,1,BP Tau,yso,class II,II,K7,,2.1,0.2,,0.094,,64.8158,29.1072,164832740220756608,64.81602014751,29.10736410572,127.09427600,126.54733300,127.66272700,126.94709800,126.39147200,127.49115000,10033
2.510169,64.815833,29.107222,53,041915.8+290626,BP Tau,,7.27,0.05,,6.9,0.05,,6.65,0.05,,5.71,0.05,,2.52,0.04,,0.71,0.22,,,,yes,yes,yes,yes,yes,,1,BP Tau,yso,class II,II,K7,,2.1,0.2,,0.094,,64.8158,29.1072,164832740220871552,64.81503984225,29.10729912763,771.96032700,650.52294900,933.03259300,1350.59558000,1205.09656000,1516.50623000,10033
1.028892,64.859167,28.437222,54,041926.2+282614,V819 Tau,,8.2,0.05,,8.29,0.05,,8.11,0.05,,8.06,0.05,,6.29,0.05,,,,,,,,yes,yes,no,no,,1,V819 Tau,yso,star,III,K7,,1.9,0.0,,0.0018,,64.8592,28.4372,164504467278644096,64.85948866244,28.43718102288,129.24353000,128.78607200,129.74002100,129.16717500,128.77304100,129.48808300,10033
1.037225,64.8975,28.455833,55,041935.4+282721,FR Tau,,9.42,0.05,,8.93,0.05,,8.25,0.05,,7.27,0.05,,4.84,0.04,,3.14,0.22,,,,yes,yes,yes,yes,yes,,1,FR Tau,yso,class II,II,M5e,-58.9,0.0,-0.9,,0.17,b,64.8975,28.4558,164598303725828608,64.89779170741,28.45596429330,125.56415600,124.15052000,127.53399700,125.35755900,123.81965600,127.05207100,10033
1.099256,64.921667,27.83,56,041941.2+274948,LkCa 7 AB,,8.11,0.05,,8.11,0.05,,8.04,0.05,,7.99,0.05,,7.75,0.06,>,1.94,,,,,,no,no,no,no,,1,LkCa 7,yso,star,III,K7,,1.0,0.0,<,6.1E-5,,64.9217,27.83,164422961683000320,64.92200336630,27.82993104458,124.55414600,123.71565200,125.12098700,124.76454900,124.16809800,125.26683800,10033
1.605717,64.921667,27.83,56,041941.2+274948,LkCa 7 AB,,8.11,0.05,,8.11,0.05,,8.04,0.05,,7.99,0.05,,7.75,0.06,>,1.94,,,,,,no,no,no,no,,1,LkCa 7,yso,star,III,K7,,1.0,0.0,<,6.1E-5,,64.9217,27.83,164422965979775616,64.92212959205,27.83017774394,126.36887400,124.66861700,127.99629200,,,,10099
0.978016,65.10625,27.009722,59,042025.5+270035,J04202555+2700355,,10.99,0.05,,10.77,0.05,,10.44,0.06,,9.74,0.05,,6.13,0.04,,2.49,0.22,,,,yes,yes,yes-faint,yes,yes,,1,2MASS J04202555+2700355,yso,class II,II,M5.25,,2.1,-1.5,,0.14,,65.1062,27.0097,152349022637314176,65.10654342179,27.00979593067,163.95082100,161.07707200,167.52256800,164.30377200,161.43341100,167.70065300,10022
1.409912,65.162917,27.291944,60,042039.1+271731,2MASS J04203918+2717317,,9.42,0.05,,9.39,0.05,,9.35,0.05,,9.29,0.05,,8.83,0.1,>,1.5,,,,,,no,no,no,no,,1,2MASS J04203918+2717317,yso,star,III,,,,,,,,65.1629,27.2919,152362491654557696,65.16334266959,27.29204541176,131.96681200,131.52392600,132.33183300,131.94714400,131.56855800,132.35617100,10033
1.509502,65.39375,27.027222,64,042134.5+270138,J04213459+2701388,,9.86,0.05,,9.65,0.05,,9.35,0.05,,8.98,0.05,,7.18,0.05,>,1.64,,,,,,yes,yes,yes,yes,,1,2MASS J04213459+2701388,yso,class II,II,M5.5,,2.7,-1.0,,0.029,,65.3937,27.0272,152305248330621184,65.39419909684,27.02734760573,162.42124900,160.60989400,164.59793100,162.97859200,160.51402300,165.31433100,10010
0.344762,65.442917,26.991389,65,042146.3+265929,CFHT-10,,11.54,0.05,,11.32,0.05,,11.05,0.06,,10.45,0.06,,7.26,0.05,>,1.45,,,,,,yes,no,yes-faint,yes,,1,[MDM2001] CFHT-BD-Tau 10,yso,class II,II,M6.25,,4.0,-1.7,,0.056,,65.4429,26.9914,152293149405058816,65.44301961015,26.99141748375,161.92179900,156.45115700,167.27819800,158.88371300,154.28379800,164.84071400,10012
0.677748,65.481667,27.918333,67,042155.6+275506,DE Tau,,7.07,0.05,,6.73,0.05,,6.4,0.05,,5.78,0.05,,2.58,0.04,,-0.19,0.22,,,,yes,yes,yes,yes,yes,,1,DE Tau,yso,class II,II,M2,,2.2,0.1,,0.13,,65.4817,27.9183,152511475478780416,65.48186504103,27.91826356803,127.77309400,127.30388600,128.18934600,127.63172100,127.22811100,128.01544200,10033
0.287907,65.489167,28.443056,68,042157.4+282635,RY Tau,<,6.62,,<,6.1,,,3.6,0.05,<,3.52,,<,0.45,,<,-2.3,,,-4.24,0.34,,,,,,,1,RY Tau,,,II,K1,-16.8,4.8,1.3,,0.1,a,65.4892,28.4431,164551162164119424,65.48924942901,28.44308980286,138.92298900,134.21577500,143.69993600,138.60752900,135.14559900,142.03387500,10033
0.786690,65.495,28.301667,69,042158.8+281806,HD283572,,6.86,0.05,,6.86,0.05,,6.81,0.05,,6.78,0.05,,6.76,0.05,>,1.24,,,,,,no,no,no,no,,1,HD283572,star,star,III,G5,,0.4,0.8,<,3.0E-5,,65.495,28.3017,164536250037820160,65.49524661321,28.30169161765,126.43527200,126.08492300,126.79693600,126.45845000,126.20222500,126.75680500,10033
1.284005,65.50875,26.958333,71,042202.1+265730,FS Tau Aab,,6.75,0.05,,6.3,0.05,,5.81,0.05,,4.99,0.05,,1.33,0.04,>,0.05,,,,,,yes,yes,yes,yes,,1,NAME FS Tau A,yso,class II,flat,M0e,-46.8,6.9,0.0,,0.36,"a,b",65.5087,26.9583,152292187332155008,65.50913709670,26.95842335542,133.20253000,131.04792800,135.52796900,132.90470900,130.94940200,135.10217300,10033
1.033475,65.512917,28.427222,72,042203.1+282538,LkCa 21,,8.26,0.05,,8.22,0.05,,8.14,0.05,,8.06,0.05,,8.06,0.09,>,1.23,,,,,,no,no,no,no,,1,LkCa 21,star,star,III,M3,,1.3,-0.2,<,2.9E-5,,65.5129,28.4272,164550882989640192,65.51316110287,28.42741260418,117.47824100,116.53203600,118.71440900,117.19602200,115.94916500,118.49985500,10033
0.886478,65.568333,25.819722,73,042216.4+254911,CFHT-14,,11.48,0.05,,11.34,0.05,,11.28,0.06,,11.23,0.06,>,9.51,,>,1.16,,,,,,,,no,no,,1,[MDM2001] CFHT-BD-Tau 14,,star,III,M7.75,,0.4,-1.8,<,0.003,,65.5683,25.8197,150501362066641664,65.56855888188,25.81986089656,147.53385900,144.28941300,150.36998000,,,,10000
1.083575,65.569583,26.915833,74,042216.7+265457,CFHT-21,,7.77,0.05,,7.26,0.05,,6.85,0.05,,6.3,0.05,,3.29,0.04,,1.18,0.22,,,,yes,yes,yes,yes,yes,,1,[MDM2001] CFHT-BD-Tau 21,yso,class II,II,M1.25,,7.7,-0.3,,0.23,,65.5696,26.9158,152288824375681536,65.56991886100,26.91580283873,156.99192800,155.12652600,158.90092500,157.06065400,155.12846400,159.07464600,10033
1.051723,65.6,26.773611,75,042224.0+264625,2MASS J04222404+2646258,,9.52,0.05,,9.4,0.05,,9.34,0.05,,9.33,0.05,,9.07,0.12,>,1.56,,,,,,no,no,no,no,,1,2MASS J04222404+2646258,yso,star,III,,,,,,,,65.6,26.7736,152099055539792000,65.60025031647,26.77379916263,157.21107500,156.11604300,158.39025900,157.29498300,156.06994600,158.51791400,10022
1.161730,65.782083,28.099167,76,042307.7+280557,IRAS04200+2759,,8.43,0.05,,7.81,0.05,,7.28,0.05,,6.44,0.05,,3.23,0.04,,0.76,0.22,,,,yes,yes,yes,yes,yes,,1,IRAS04200+2759,yso,class II,flat,M2,,8.1,-0.9,,0.53,c,65.7821,28.0992,152518828462749440,65.78244861748,28.09917775424,130.46183800,128.61479200,132.25062600,131.33560200,129.42062400,133.24044800,10033
1.330583,65.912917,24.937222,77,042339.1+245614,FT Tau,,7.93,0.05,,7.46,0.05,,7.19,0.05,,6.29,0.05,,3.15,0.04,,0.28,0.22,,,,yes,yes,yes,yes,yes,,1,FT Tau,yso,class II,II,M3e,-254.3,3.8,-0.2,,0.13,"a,b",65.9129,24.9372,149623711269425408,65.91332350119,24.93719478781,129.37233000,129.03927600,129.75791900,129.23973100,128.84089700,129.61360200,10033
1.005377,66.11,26.830556,78,042426.4+264950,CFHT-9,,11.16,0.05,,10.88,0.05,,10.51,0.06,,9.83,0.05,,6.78,0.05,>,0.77,,,,,,yes,yes-faint,yes,yes,,1,[MDM2001] CFHT-BD-Tau 9,yso,class II,II,M6.25,,0.5,-1.7,,0.11,,66.11,26.8306,152108882425024128,66.11031276011,26.83054593331,156.86645500,154.54785200,159.40953100,156.43031300,153.74690200,159.48527500,10022
1.272486,66.185417,26.170556,79,042444.5+261014,IRAS04216+2603,,8.08,0.05,,7.57,0.05,,7.14,0.05,,6.32,0.05,,3.53,0.04,,0.16,0.22,,-2.47,0.22,yes,yes,yes,yes,yes,,1,IRAS04216+2603,yso,class II,II,M1,,3.4,-0.4,,0.29,,66.1854,26.1706,152000786688289664,66.18580740141,26.17050937329,157.68075600,156.18301400,158.96577500,157.70260600,156.40432700,159.11021400,10033
1.064003,66.1875,27.028889,80,042445.0+270144,J1-4423,,10.21,0.05,,10.15,0.05,,10.06,0.06,,10.11,0.06,>,9.49,,>,1.05,,,,,,,,no,no,,1,[HJS91] 4423,,star,III,M5,,0.1,-1.1,<,9.5E-4,,66.1875,27.0289,152118881108855680,66.18781424560,27.02898385158,127.91681700,127.54642500,128.30180400,127.99945800,127.43234300,128.53015100,10033
0.790166,66.204167,26.719444,81,042449.0+264310,RXJ0424.8,,7.73,0.05,,7.7,0.05,,7.69,0.05,,7.65,0.05,,7.4,0.06,>,1.02,,,,,,no,no,no,no,,1,[WKS96] RX J0424.8+2643A,yso,star,III,K1,,1.2,0.4,<,6.1E-5,,66.2042,26.7194,152104381299305600,66.20440941935,26.71947990764,150.20457500,149.34124800,151.03695700,150.13995400,149.16526800,150.84075900,10033
1.237634,66.2375,27.198889,82,042457.0+271156,IP Tau,,7.77,0.05,,7.45,0.05,,7.24,0.05,,6.6,0.05,,3.48,0.04,,0.74,0.22,,,,yes,yes,yes,yes,yes,,1,IP Tau,yso,class II,II,M0,,1.9,-0.2,,0.1,,66.2375,27.1989,152226491513195648,66.23788485854,27.19892091402,129.25759900,128.96905500,129.57420300,129.21194500,128.94471700,129.46400500,10033
1.454399,66.622083,26.403611,84,042629.3+262413,KPNO-3,,11.41,0.05,,10.99,0.05,,10.49,0.06,,9.72,0.05,,6.86,0.05,>,1.09,,,,,,yes,yes-faint,yes,yes,,1,[BLH2002] KPNO-Tau 3,yso,class II,II,M6,,1.6,-1.7,,0.13,,66.6221,26.4036,151283870746458496,66.62251321142,26.40373238439,156.04856900,152.15939300,159.84094200,156.33847000,152.97656200,159.97045900,10022
0.962031,66.627083,24.731944,85,042630.5+244355,J04263055+2443558,,12.57,0.05,,12.21,0.06,,11.76,0.06,,11.08,0.06,,8.87,0.15,>,1.09,,,,,,yes,no,no,yes,,1,2MASS J04263055+2443558,yso,class II,II,M8.75,,0.6,-2.4,,0.16,,66.6271,24.7319,149409920679460096,66.62733700747,24.73207885524,125.86291500,118.72882800,134.89216600,145.37452700,137.72728000,155.42831400,10033
0.570834,66.722917,26.115,86,042653.5+260654,FV Tau AB,<,6.62,,<,6.1,,,5.23,0.05,,4.56,0.05,,1.54,0.04,,-0.45,0.22,,,,yes,yes,yes,,,,1,FV Tau,,,II,K5,,8.7,0.6,,0.13,,66.7229,26.115,151262911306653056,66.72309226690,26.11498060445,134.59567300,130.25029000,139.87658700,136.63052400,133.06953400,140.82980300,10033
0.392979,66.726667,26.114167,87,042654.4+260651,FV Tau/c AB,,8.01,0.05,,7.58,0.05,,7.05,0.05,,6.29,0.05,,3.88,0.04,>,0.72,,>,-1.64,,,yes,yes,yes,yes,,1,CoKu FV Tau c,yso,class II,II,M3.5,,5.9,-0.2,,0.096,,66.7267,26.1142,151262941369626752,66.72669163406,26.11406010365,128.92730700,127.19917300,130.56546000,128.13856500,126.30180400,129.94116200,10012
0.302845,66.73875,26.107778,89,042657.3+260628,KPNO-13,,8.75,0.05,,8.33,0.05,,7.99,0.06,,7.35,0.05,,5.32,0.04,>,0.93,,>,-2.25,,,yes,yes,yes,yes,,1,[BLH2002] KPNO-Tau 13,yso,class II,II,M5,,4.3,-0.6,,0.078,,66.7387,26.1078,151262876946558976,66.73884365013,26.10778020129,129.26089500,128.34718300,130.53530900,129.43100000,128.47247300,130.47460900,10022
0.065171,66.761667,25.706111,91,042702.8+254222,DF Tau AB,<,6.62,,<,6.1,,,5.08,0.05,,4.5,0.05,,2.19,0.04,,0.7,0.22,,,,yes,yes,yes,,,,1,DF Tau,,,II,M3,,2.4,0.5,,0.11,,66.7617,25.7061,151179966897747840,66.76164922952,25.70611944670,182.38067600,167.10668900,199.38786300,180.37417600,166.96284500,195.13467400,10033
1.354454,66.769167,26.104444,92,042704.6+260616,DG Tau A,<,6.62,,<,6.1,,,4.67,0.05,,3.55,0.05,<,0.45,,<,-2.3,,<,-4.46,,,,,,,"b,c",1,DG Tau,,,II,K5e,-90.7,3.2,0.5,,0.2,"a,b",66.7692,26.1044,151262700852297728,66.76957782396,26.10437014527,124.76103200,122.60551500,126.72434200,125.16976900,123.43352500,126.97532700,10033
1.399248,66.86625,26.201389,93,042727.9+261205,KPNO-4,,12.57,0.05,,12.37,0.06,,12.21,0.06,,12.08,0.06,,10.66,0.28,>,1.05,,,,,,yes,no,no,no,,1,[BLH2002] KPNO-Tau 4,not yso,star,II,M9.5,,2.8,-2.3,,0.037,,66.8662,26.2014,151265002954775936,66.86667459797,26.20131196564,141.37925700,123.44653300,163.00764500,146.44404600,128.51745600,165.57395900,20033
1.392739,66.93875,23.956667,94,042745.3+235724,CFHT-15,,13.24,0.06,,13.15,0.06,,13.25,0.07,,13.05,0.1,>,10.55,,>,1.06,,,,,,,,no,no,,1,[MDM2001] CFHT-BD-Tau 15,,star,III,M8.25,,0.3,-2.5,<,0.0043,,66.9387,23.9567,146319193494413696,66.93917084145,23.95670898508,164.44471700,150.36158800,176.00961300,171.38856500,161.12258900,184.97668500,10012
0.553769,67.1775,27.234167,97,042842.6+271403,J04284263+2714039 AB,,9.76,0.05,,9.53,0.05,,9.21,0.05,,8.83,0.05,,6.21,0.05,>,0.88,,,,,,yes,yes,yes,yes,,1,2MASS J04284263+2714039,yso,class II,II,M5.25,,3.7,-1.0,,0.05,,67.1775,27.2342,152180831716415488,67.17766427496,27.23421524249,140.11224400,135.41339100,147.65321400,,,,10099
0.900517,67.1775,27.234167,97,042842.6+271403,J04284263+2714039 AB,,9.76,0.05,,9.53,0.05,,9.21,0.05,,8.83,0.05,,6.21,0.05,>,0.88,,,,,,yes,yes,yes,yes,,1,2MASS J04284263+2714039,yso,class II,II,M5.25,,3.7,-1.0,,0.05,,67.1775,27.2342,152180827420224128,67.17762799569,27.23438975526,127.91771700,126.84634400,129.12831100,127.41419200,126.33102400,128.56172200,10033
1.260673,67.2525,27.9175,98,042900.6+275503,J04290068+2755033,,12.3,0.05,,11.99,0.05,,11.6,0.06,,10.92,0.06,,8.06,0.07,>,0.88,,,,,,yes,no,no,yes,,1,2MASS J04290068+2755033,yso,class II,II,M8.25,,0.3,-2.1,,0.11,,67.2525,27.9175,152643240779301632,67.25289492163,27.91747073124,135.89894100,130.11346400,142.80583200,137.56231700,133.05943300,142.42587300,10022
1.220003,67.270417,26.818611,99,042904.9+264907,IRAS04260+2642,,10.08,0.05,,9.4,0.05,,8.83,0.05,,8.07,0.05,,3.6,0.04,,0.06,0.22,,,,yes,yes,yes,yes,yes,,1,IRAS04260+2642,yso,class II,I,K6,,9.1,-1.3,,0.57,,67.2704,26.8186,151393577095005312,67.27079515253,26.81858010346,142.83380100,123.68833200,172.30258200,388.30279500,151.60537700,467.39682000,10133
0.197430,67.33625,26.561111,100,042920.7+263340,J1-507,,8.56,0.05,,8.55,0.05,,8.47,0.05,,8.46,0.05,,8.29,0.1,>,1.04,,,,,,no,no,no,no,,1,[HJS91] 507,yso,star,III,M4,,0.9,-0.4,<,4.3E-5,,67.3362,26.5611,151373820245230080,67.33630114080,26.56114125150,129.02510100,128.24806200,130.05021700,128.55073500,127.77417000,129.33126800,10033
0.597953,67.34875,24.55,102,042923.7+243300,GV Tau AB,<,6.62,,<,6.1,,<,3.49,,<,3.52,,<,0.45,,<,-2.3,,<,-1.49,,,,,,,"c,d",1,GV Tau,,,I,mid-K +emiss,-296.0,11.9,0.3,<,0.92,"a,b",67.3487,24.55,149367383323435648,67.34892361280,24.54994851737,143.11871300,136.65856900,151.17761200,142.21850600,136.55624400,149.85144000,10033
0.835254,67.422917,26.549444,105,042941.5+263258,DH Tau AB,,7.63,0.05,,7.33,0.05,,7.2,0.05,,6.86,0.05,,3.37,0.04,,0.82,0.22,,,,yes,yes,yes,yes,yes,,1,DH Tau,yso,star,II,M1,,2.5,-0.1,,0.086,,67.4229,26.5494,151374202498079872,67.42316837157,26.54938684179,133.27027900,132.82905600,133.64288300,133.30786100,132.87194800,133.70860300,10033
1.119156,67.426667,26.546944,106,042942.4+263249,DI Tau AB,,8.21,0.05,,8.22,0.05,,8.14,0.05,,8.11,0.05,,,,>,0.72,,,,,,,,no,no,,1,DI Tau,,star,III,M0,,0.5,-0.1,<,0.0011,,67.4267,26.5469,151374198202645376,67.42700785664,26.54688343368,137.34596300,136.51298500,138.22894300,137.28863500,136.56132500,137.96647600,10033
1.117331,67.44,26.512778,107,042945.6+263046,KPNO-5,,11.05,0.05,,11.02,0.05,,10.94,0.06,,10.83,0.06,>,9.71,,>,0.9,,,,,,,,no,no,,1,[BLH2002] KPNO-Tau 5,,star,III,M7.5,,0.6,-1.6,<,0.0025,,67.44,26.5128,151327159721125888,67.44033984396,26.51284004938,124.13510900,121.55719000,126.82753800,,,,10000
1.007717,67.464583,26.112222,108,042951.5+260644,IQ Tau,,6.81,0.05,,6.37,0.05,,6.07,0.05,,5.53,0.05,,2.82,0.04,,0.32,0.22,,,,yes,yes,yes,yes,yes,,1,IQ Tau,yso,class II,II,M0.5,,2.9,0.1,,0.19,,67.4646,26.1122,151297958238753664,67.46485011063,26.11236632311,130.73848000,130.24252300,131.27734400,130.59939600,130.00949100,131.41694600,10033
0.422106,67.497917,24.551944,109,042959.5+243307,CFHT-20,,9.02,0.05,,8.55,0.05,,8.32,0.05,,7.84,0.05,,4.91,0.04,,2.06,0.22,,,,yes,yes,yes,yes,yes,,1,[MDM2001] CFHT-BD-Tau 20,yso,class II,II,M5.5,,4.6,-0.7,,0.1,,67.4979,24.5519,146366442430208640,67.49799065088,24.55204022910,130.81109600,128.26011700,133.39854400,130.74537700,128.96006800,132.72654700,10022
0.777490,67.53,26.138889,110,043007.2+260820,KPNO-6,,13.12,0.06,,12.77,0.06,,12.42,0.06,,11.58,0.06,,9.2,0.19,>,1.01,,,,,,yes-faint,no,no,yes,,1,[BLH2002] KPNO-Tau 6,not yso,class II,II,M8.5,,1.2,-2.4,,0.1,,67.53,26.1389,151296579553731456,67.53021527720,26.13898540136,123.45008100,117.59921300,130.14144900,124.65493000,119.46484400,130.02398700,10033
1.012942,67.598333,23.986667,111,043023.6+235912,CFHT-16,,13.23,0.06,,13.15,0.06,,13.04,0.08,,12.99,0.09,>,10.54,,>,1.0,,,,,,,,no,no,,1,[MDM2001] CFHT-BD-Tau 16,,star,III,M8.5,,0.5,-2.5,<,0.0038,,67.5983,23.9867,146285112929523456,67.59857196488,23.98684449266,135.10165400,128.25965900,144.06523100,134.44235200,125.64622500,148.11358600,10033
0.102415,67.623333,24.445833,112,043029.6+242645,FX Tau AB,,7.22,0.05,,6.96,0.05,,6.69,0.05,,5.97,0.05,,3.03,0.04,,1.09,0.22,,,,yes,yes,yes,yes,yes,,1,FX Tau,yso,class II,II,M1,,2.9,0.1,,0.081,,67.6233,24.4458,146361013590374144,67.62332003501,24.44580711530,156.72862200,151.27413900,161.22528100,155.60557600,150.94104000,161.41449000,10033
0.760167,67.684167,26.023333,113,043044.2+260124,DK Tau AB,<,6.62,,<,6.1,,,5.52,0.05,,4.78,0.05,,1.85,0.04,,0.08,0.22,,0.57,0.22,yes,yes,yes,,,,1,DK Tau,,,II,K7,,2.9,0.4,,0.13,,67.6842,26.0233,151106780654065792,67.68436823569,26.02344202642,131.82695000,130.86499000,132.63418600,131.63906900,130.69252000,132.52423100,10033
2.834196,67.684167,26.023333,113,043044.2+260124,DK Tau AB,<,6.62,,<,6.1,,,5.52,0.05,,4.78,0.05,,1.85,0.04,,0.08,0.22,,0.57,0.22,yes,yes,yes,,,,1,DK Tau,,,II,K7,,2.9,0.4,,0.13,,67.6842,26.0233,151106780653458944,67.68501045832,26.02312010722,147.78765900,145.94931000,149.82583600,147.64010600,145.40808100,149.49955700,10033
1.363810,67.709167,23.002222,114,043050.2+230008,IRAS04278+2253,<,6.62,,<,6.1,,<,3.49,,<,3.52,,<,0.45,,,-1.87,0.22,,-3.88,0.34,,,,,,,1,IRAS04278+2253,,,II,F1,,13.6,1.8,,0.075,,67.7092,23.0022,145921994918655488,67.70954723379,23.00236696880,123.64324200,121.35913800,125.74139400,124.38905300,121.88915300,126.77590900,10012
2.564948,67.709167,23.002222,114,043050.2+230008,IRAS04278+2253,<,6.62,,<,6.1,,<,3.49,,<,3.52,,<,0.45,,,-1.87,0.22,,-3.88,0.34,,,,,,,1,IRAS04278+2253,,,II,F1,,13.6,1.8,,0.075,,67.7092,23.0022,145921999215653632,67.70993171602,23.00233219267,145.91128500,139.45515400,150.96527100,,,,10099
1.295942,67.71375,24.706111,115,043051.3+244222,ZZ Tau AB,,8.08,0.05,,7.9,0.05,,7.61,0.05,,6.94,0.05,,4.53,0.04,>,0.72,,>,-4.46,,,yes,yes,yes,yes,b,1,ZZ Tau,yso,class II,II,M5,-9.7,1.6,-0.2,,0.029,b,67.7137,24.7061,147869784062378624,67.71414625475,24.70611022332,133.77935800,130.92724600,136.36245700,135.42781100,132.98306300,137.93089300,10033
0.502999,67.715417,24.696389,116,043051.7+244147,ZZ Tau IRS,,8.11,0.05,,7.38,0.05,,6.73,0.05,,5.78,0.05,,2.01,0.04,,-0.99,0.22,,-3.61,0.22,yes,yes,yes,yes,yes,b,1,ZZ Tau IRS,yso,class II,flat,M4.5,,6.9,-0.9,,0.76,,67.7154,24.6964,147869573608324992,67.71555584250,24.69644908412,106.84474900,100.61840100,112.84160600,110.30264300,104.95164500,117.70111800,10033
1.497293,67.737917,25.944167,117,043057.1+255639,KPNO-7,,12.62,0.05,,12.28,0.05,,11.99,0.06,,11.25,0.06,,8.62,0.12,>,1.23,,,,,,yes,no,no,yes,,1,[BLH2002] KPNO-Tau 7,not yso,class II,II,M8.25,,0.3,-2.3,,0.13,,67.7379,25.9442,151102790629500288,67.73837575962,25.94421998426,127.40903500,123.29016100,134.02131700,127.56684100,123.43048900,131.55679300,10012
0.821853,67.81,27.171389,118,043114.4+271017,JH56,,8.72,0.05,,8.75,0.05,,8.66,0.05,,8.6,0.05,,6.76,0.02,>,0.75,,,,,,yes,yes,no,no,,1,JH56,yso,star,III,M0.5,,0.0,-0.3,,0.0025,,67.81,27.1714,151793082068521856,67.81020838977,27.17152221786,126.72573900,126.47724900,126.93302200,126.76024600,126.43176300,126.97813400,10033
1.276734,67.829167,23.584444,119,043119.0+233504,J04311907+2335047,,11.66,0.05,,11.53,0.05,,11.56,0.06,,11.46,0.06,>,10.59,,>,0.86,,,,,,,,no,no,,1,2MASS J04311907+2335047,,star,III,M7.75,,1.2,-1.8,<,0.0032,,67.8292,23.5844,146050057959093632,67.82951824473,23.58459283612,166.92634600,158.42730700,174.56430100,172.78053300,167.73031600,177.62379500,10022
1.506958,67.860833,27.055,121,043126.6+270318,CFHT-13,,12.9,0.06,,12.75,0.06,,12.72,0.07,,12.7,0.07,,10.72,0.29,>,0.68,,,,,,yes,no,no,no,,1,[MDM2001] CFHT-BD-Tau 13,yso,star,III,M7.25,,1.8,-2.3,,0.0062,,67.8608,27.055,151787064819255936,67.86127730824,27.05513659049,159.61349500,145.34550500,174.73724400,167.18779000,154.40734900,178.72401400,10032
1.212257,67.960417,24.405,122,043150.5+242418,HK Tau AB,,7.71,0.05,,7.35,0.05,,7.1,0.05,,6.58,0.05,,2.31,0.04,,-0.81,0.22,,-3.02,0.22,yes,yes,yes,yes,yes,,1,HK Tau,yso,class II,II,M0.5,,4.7,-0.2,,0.22,,67.9604,24.405,147847072275324416,67.96073972298,24.40483561346,130.19972200,129.68243400,130.84800700,130.10601800,129.46995500,130.55737300,10033
1.061882,67.993333,25.724722,123,043158.4+254329,J1-665,,9.35,0.05,,9.29,0.05,,9.24,0.05,,9.22,0.05,,9.04,0.17,>,1.08,,,,,,no,no,no,no,,1,[HJS91] 665,yso,star,III,M5,,1.2,-0.6,<,3.1E-5,,67.9933,25.7247,151037064744973696,67.99358419932,25.72491118968,153.83612100,153.14016700,154.53395100,153.71165500,153.21192900,154.36100800,10033
1.450700,68.013333,25.468611,124,043203.2+252807,J04320329+2528078,,10.3,0.05,,10.2,0.05,,10.13,0.06,,10.09,0.06,>,9.67,,>,1.03,,,,,,,,no,no,,1,2MASS J04320329+2528078,,star,III,M6.25,,0.0,-1.2,<,0.0025,,68.0133,25.4686,151028990206478080,68.01376032887,25.46872737906,125.60200500,124.35416400,126.84791600,125.95267500,124.53691900,127.22628000,10022
0.399738,68.064167,24.483056,125,043215.4+242859,Haro6-13,<,6.62,,<,6.1,,,5.49,0.05,,4.85,0.05,,0.88,0.04,,-1.43,0.22,,-4.02,0.34,yes,yes,yes,,,,1,Haro6-13,,,flat,M0,,11.0,0.2,,0.32,,68.0642,24.4831,147806733942555008,68.06426515716,24.48312195039,127.70882400,126.15618900,129.43331900,127.64691900,126.08549500,129.28912400,10033
1.217916,68.074167,24.370556,126,043217.8+242214,CFHT-7 AB,,9.98,0.05,,9.87,0.05,,9.76,0.05,,9.72,0.05,,9.3,0.28,>,0.86,,,,,,yes,no,no,no,,1,[MDM2001] CFHT-BD-Tau 7,yso,star,III,M6.5,,0.9,-1.1,<,2.1E-4,,68.0742,24.3706,147799209159857280,68.07449836549,24.37070879642,125.58666200,124.39613300,126.88231700,125.37628900,123.70426200,126.44193300,10022
1.634666,68.096667,24.050278,128,043223.2+240301,J04322329+2403013,,10.89,0.05,,10.83,0.05,,10.79,0.06,,10.67,0.06,>,9.82,,>,0.91,,,,,,,,no,no,,1,2MASS J04322329+2403013,,star,III,M7.75,,0.0,-1.5,<,0.0026,,68.0967,24.0503,146277553787186048,68.09716318394,24.05030758356,125.72635700,124.00757600,127.19333600,,,,10000
1.182536,68.127083,24.3325,129,043230.5+241957,FY Tau,,7.18,0.05,,6.76,0.05,,6.5,0.05,,5.99,0.05,,3.67,0.04,,,,,,,,yes,yes,yes,yes,,1,FY Tau,yso,class II,II,K7,,5.9,0.2,,0.061,,68.1271,24.3325,147796013704189440,68.12744347646,24.33250420981,128.52720600,128.17392000,128.82139600,128.62474100,128.26933300,128.93061800,10033
1.208148,68.132083,24.333889,130,043231.7+242002,FZ Tau,<,6.62,,<,6.1,,,5.27,0.05,,4.58,0.05,,2.06,0.04,,0.31,0.22,,,,yes,yes,yes,,,,1,FZ Tau,,,II,M0,,7.2,0.4,,0.17,,68.1321,24.3339,147796013704188928,68.13238027573,24.33408713396,128.34855700,127.92728400,128.79287700,128.32391400,127.87181100,128.82507300,10033
1.112034,68.179167,25.875278,132,043243.0+255231,UZ Tau Aab,<,6.62,,<,6.1,,,5.63,0.05,,4.79,0.05,,1.54,0.04,,-0.69,0.22,,-2.15,0.22,yes,yes,yes,,,b,2,NAME UZ Tau A,,,II,M1,-80.3,0.0,0.0,,0.41,a,68.1792,25.8753,151045650384137600,68.17949393359,25.87518371536,130.91243000,129.35929900,132.53532400,130.28405800,128.35577400,131.92637600,10033
2.515558,68.179167,25.875278,132,043243.0+255231,UZ Tau Aab,<,6.62,,<,6.1,,,5.63,0.05,,4.79,0.05,,1.54,0.04,,-0.69,0.22,,-2.15,0.22,yes,yes,yes,,,b,2,NAME UZ Tau A,,,II,M1,-80.3,0.0,0.0,,0.41,a,68.1792,25.8753,151045654678970752,68.17839103383,25.87524920498,125.65836300,119.17182900,132.29179400,121.39991000,115.85456800,127.41439800,10033
0.692622,68.204583,22.883889,133,043249.1+225302,JH112,,7.41,0.05,,7.12,0.05,,6.83,0.05,,5.89,0.05,,2.53,0.04,,0.72,0.22,,,,yes,yes,yes,yes,yes,,1,JH112,yso,class II,II,K6,,5.5,0.1,,0.11,,68.2046,22.8839,145951789107603200,68.20469024896,22.88405408438,161.20364400,160.48613000,161.77058400,160.97398400,160.40918000,161.66545100,10033
1.054091,68.209167,24.369722,134,043250.2+242211,CFHT-5,,10.46,0.05,,10.27,0.05,,10.09,0.06,,10.07,0.06,,9.56,0.29,>,1.16,,>,-1.44,,,yes,no,no,no,,1,[MDM2001] CFHT-BD-Tau 5,yso,star,III,M7.5,,9.5,-1.1,<,1.5E-4,,68.2092,24.3697,147801270743616896,68.20947772637,24.36979697594,113.87619000,90.28123470,138.85437000,2716.76001000,2342.75146000,3096.47192000,20033
1.119347,68.257917,24.35,135,043301.9+242100,MHO-8,,9.32,0.05,,9.21,0.05,,9.14,0.05,,9.09,0.05,,8.92,0.15,>,0.88,,,,,,no,no,no,no,,1,[BHS98] MHO 8,yso,star,III,M5.5,,0.9,-0.8,<,1.2E-4,,68.2579,24.35,147801339463632000,68.25824924916,24.34992890960,127.60360000,126.28515600,128.79754600,128.04624900,126.81452900,129.54075600,10022
0.925171,68.2775,24.165,137,043306.6+240954,V807 Tau AB,<,6.62,,,6.21,0.05,,5.96,0.05,,5.57,0.05,,2.96,0.04,,0.36,0.22,,,,yes,yes,yes,yes,,,1,V807 Tau,,,II,K7,,1.3,0.5,,0.05,,68.2775,24.165,147778490237623808,68.27767765862,24.16519942822,202.38714600,175.27876300,237.22796600,193.23510700,165.65226700,233.58337400,10033
0.386620,68.2825,26.268333,138,043307.8+261606,KPNO-14,,9.78,0.05,,9.67,0.06,,9.6,0.05,,9.58,0.05,,9.04,0.12,>,1.44,,>,-1.91,,,yes,yes-faint,no,no,,1,[BLH2002] KPNO-Tau 14,yso,star,III,M6,,4.1,-0.9,<,1.2E-4,,68.2825,26.2683,151130591952773632,68.28258020437,26.26841275489,149.56117200,146.20800800,152.96055600,,,,10000
1.100169,68.289167,22.78,139,043309.4+224648,CFHT-12,,10.86,0.05,,10.63,0.05,,10.34,0.06,,9.95,0.06,,8.25,0.07,>,1.16,,,,,,yes,yes-faint,yes,yes,,1,[MDM2001] CFHT-BD-Tau 12,yso,class II,II,M6.5,,3.2,-1.5,,0.036,,68.2892,22.78,145947077527182848,68.28948068776,22.78009871633,175.77742000,166.69838000,185.15710400,,,,10000
0.530078,68.291667,24.561944,140,043310.0+243343,V830 Tau,,8.41,0.05,,8.41,0.05,,8.37,0.05,,8.32,0.05,,8.14,0.08,>,1.03,,,,,,no,no,no,no,,1,V830 Tau,yso,star,III,K7,,0.7,-0.1,<,4.5E-5,,68.2917,24.5619,147831571737487488,68.29182694074,24.56192120150,129.96978800,129.72543300,130.24836700,130.01519800,129.77290300,130.26565600,10033
0.974257,68.309583,26.239722,141,043314.3+261423,IRAS04301+2608,,12.05,0.05,,11.72,0.05,,11.29,0.06,,9.54,0.05,,3.28,0.04,,1.12,0.22,>,-0.95,,yes,yes,yes-faint,yes-faint,yes,,1,IRAS S04301+2608,yso,contam.,flat,M0,,6.5,-1.6,,0.62,c,68.3096,26.2397,151130317074279552,68.30987893300,26.23977474315,181.57487500,165.16914400,201.46817000,195.11480700,174.10017400,218.79103100,10033
1.213030,68.329167,22.776111,143,043319.0+224634,IRAS04303+2240,<,6.62,,<,6.1,,,4.77,0.05,,3.73,0.05,,1.43,0.04,,-0.11,0.22,,,,yes,yes,yes,,,,1,IRAS04303+2240,,,II,M0.5,,10.8,0.2,,0.45,,68.3292,22.7761,145196527698016512,68.32953015454,22.77607330225,129.65168800,126.02434500,133.26852400,128.82768200,124.71755200,132.09579500,10033
0.960300,68.391667,24.354722,144,043334.0+242117,GI Tau,,6.87,0.05,,6.31,0.05,,5.79,0.05,,5.12,0.05,,2.15,0.04,,,,,,,,yes,yes,yes,yes,,1,GI Tau,yso,class II,II,K6,,2.7,0.2,,0.19,,68.3917,24.3547,147790202612482560,68.39194882908,24.35464964391,129.32012900,128.89549300,129.66716000,129.23306300,128.89006000,129.52441400,10033
1.112947,68.39375,24.351389,145,043334.5+242105,GK Tau,<,6.62,,<,6.1,,,5.79,0.05,,5.14,0.05,,1.7,0.04,,-0.23,0.22,,,,yes,yes,yes,,,,1,GK Tau,,,II,K7,,2.7,0.3,,0.16,,68.3937,24.3514,147790206908395776,68.39404895696,24.35153527035,128.92230200,128.63291900,129.17356900,128.89698800,128.55683900,129.18478400,10033
1.413805,68.402917,26.163611,146,043336.7+260949,IS Tau AB,,7.85,0.05,,7.46,0.05,,6.94,0.05,,6.03,0.05,,3.65,0.04,,2.08,0.22,>,-0.83,,yes,yes,yes,yes,yes,,1,IS Tau,yso,class II,II,K7,,3.5,-0.2,,0.15,,68.4029,26.1636,151125919028356352,68.40334992596,26.16355401908,144.51628100,140.48356600,148.83303800,145.94068900,141.82225000,151.41168200,10033
1.204605,68.4125,25.343889,147,043339.0+252038,DL Tau,,6.95,0.05,,6.37,0.05,,5.92,0.05,,5.13,0.05,,2.19,0.04,,-0.25,0.22,,-2.44,0.22,yes,yes,yes,yes,yes,,1,DL Tau,yso,class II,II,K7,,2.8,0.0,,0.26,,68.4125,25.3439,148010281032823552,68.41286536515,25.34383484270,159.74943500,159.29835500,160.34559600,159.69982900,159.22369400,160.18206800,10033
0.650651,68.42875,25.446389,148,043342.9+252647,J04334291+2526470,,12.76,0.06,,12.63,0.06,,12.52,0.07,,12.47,0.07,>,11.05,,>,1.43,,,,,,,,no,no,,1,2MASS J04334291+2526470,,star,III,M8.75,,1.2,-2.3,<,0.0042,,68.4287,25.4464,148017561002336384,68.42886974314,25.44624417502,144.48407000,134.24781800,154.18675200,142.78024300,134.98483300,149.97995000,10033
0.385740,68.466667,22.841667,149,043352.0+225030,CI Tau,,6.99,0.05,,6.53,0.05,,6.17,0.05,,5.33,0.05,,2.37,0.04,,-0.8,0.22,,,,yes,yes,yes,yes,yes,,1,CI Tau,yso,class II,II,K7,,3.6,0.2,,0.14,,68.4667,22.8417,145203159127518336,68.46676977321,22.84161689590,160.20466600,159.76588400,160.67489600,160.05139200,159.52330000,160.66738900,10033
0.370506,68.477917,26.224167,151,043354.7+261327,IT Tau AB,,7.35,0.05,,6.98,0.05,,6.63,0.05,,6.05,0.05,,3.53,0.04,,0.83,0.22,>,-1.28,,yes,yes,yes,yes,yes,,1,IT Tau,yso,class II,II,K2,,13.4,0.9,,0.0082,,68.4779,26.2242,151127907597788672,68.47801207202,26.22422460575,158.90741000,158.43518100,159.33468600,158.90028400,158.39494300,159.34994500,10033
2.073753,68.477917,26.224167,151,043354.7+261327,IT Tau AB,,7.35,0.05,,6.98,0.05,,6.63,0.05,,6.05,0.05,,3.53,0.04,,0.83,0.22,>,-1.28,,yes,yes,yes,yes,yes,,1,IT Tau,yso,class II,II,K2,,13.4,0.9,,0.0082,,68.4779,26.2242,151127907599718528,68.47747600488,26.22374828574,168.66252100,166.79078700,170.54615800,168.56616200,166.97726400,169.91183500,10033
1.449699,68.545417,22.862222,152,043410.9+225144,JH108,,9.3,0.05,,9.27,0.05,,9.19,0.05,,9.17,0.05,,8.88,0.12,>,1.15,,,,,,no,no,no,no,,1,JH108,yso,star,III,M1,,1.7,-0.5,<,6.8E-5,,68.5454,22.8622,145203811962545152,68.54585246097,22.86225605233,160.86990400,160.39251700,161.43533300,160.95735200,160.41630600,161.58097800,10033
1.339666,68.563333,22.841667,153,043415.2+225030,CFHT-1,,11.23,0.05,,11.1,0.05,,10.98,0.06,,11.02,0.06,>,9.94,,>,1.0,,,,,,,,no,no,,1,[MDM2001] CFHT-BD-Tau 1,,star,II,,,,,,,,68.5633,22.8417,145203704587705088,68.56370464481,22.84181251152,164.89491300,155.16914400,176.72891200,156.02485700,148.40016200,165.29022200,10022
0.292231,68.663333,25.016944,154,043439.2+250101,Wa Tau 1,,7.83,0.05,,7.79,0.05,,7.75,0.05,,7.73,0.05,,7.67,0.07,>,0.85,,,,,,no,no,no,no,,1,Wa Tau 1,star,star,III,K0,,0.3,0.3,<,3.4E-5,,68.6633,25.0169,147940663906992512,68.66340786629,25.01689942653,84.88703160,84.76313780,85.03176880,84.85336300,84.71051030,84.98306270,10033
0.468576,68.730833,24.481389,155,043455.4+242853,AA Tau,,7.29,0.05,,6.84,0.05,,6.44,0.05,,5.65,0.05,,2.81,0.04,,-0.14,0.22,,-2.47,0.22,yes,yes,yes,yes,yes,,1,AA Tau,yso,class II,II,K7,,2.2,0.1,,0.15,,68.7308,24.4814,147818450613367424,68.73094345637,24.48130631876,133.69725000,132.09840400,134.96981800,133.26170300,131.88826000,135.58671600,10033
0.639045,68.785417,23.194167,156,043508.5+231139,CFHT-11,,11.19,0.05,,11.12,0.05,,11.04,0.06,,10.99,0.06,,10.23,0.2,>,0.37,,,,,,yes,no,no,no,,1,[MDM2001] CFHT-BD-Tau 11,not yso,star,III,M6.75,,0.0,-1.6,,5.1E-4,,68.7854,23.1942,145238687096970496,68.78551260561,23.19432123402,127.50289900,126.40158100,128.64715600,128.06652800,127.07443200,129.25434900,10022
0.418407,68.834167,22.537222,157,043520.2+223214,HO Tau,,8.9,0.05,,8.52,0.05,,8.38,0.05,,7.73,0.05,,4.85,0.04,,2.43,0.22,,,,yes,yes,yes,yes,yes,,1,HO Tau,yso,class II,II,M0.5,,2.6,-0.7,,0.11,,68.8342,22.5372,145132927822383616,68.83425717830,22.53730305904,163.24226400,162.63632200,163.91914400,163.25680500,162.58885200,164.10427900,10033
1.606211,68.836667,22.906667,158,043520.8+225424,FF Tau AB,,8.45,0.05,,8.44,0.05,,8.42,0.05,,8.36,0.05,,8.15,0.09,>,1.26,,,,,,no,no,no,no,,1,FF Tau,yso,star,III,K7,0.0,1.9,-0.1,<,6.3E-5,,68.8367,22.9067,145213875069914496,68.83715085443,22.90664648243,160.58142100,159.66564900,161.29226700,160.55845600,159.80331400,161.34584000,10033
1.294740,68.86375,24.249444,159,043527.3+241458,DN Tau,,7.47,0.05,,7.16,0.05,,6.78,0.05,,6.03,0.05,,3.04,0.04,,0.44,0.22,>,0.04,,yes,yes,yes,yes,yes,,1,DN Tau,yso,class II,II,M0,,1.1,0.0,,0.095,,68.8637,24.2494,147606657186323712,68.86410294975,24.24960458689,128.19628900,127.84450500,128.52578700,128.20155300,127.87968400,128.47476200,10033
0.951618,68.920417,24.185556,161,043540.9+241108,CoKu Tau/3 AB,,7.43,0.05,,6.95,0.05,,6.48,0.05,,5.64,0.05,,3.31,0.04,,1.33,0.22,>,-2.14,,yes,yes,yes,yes,yes,,1,NAME CoKu Tau 3,yso,class II,II,M1,,7.7,0.1,,0.11,,68.9204,24.1856,147605282796916992,68.92065390336,24.18570822262,125.88757300,124.88835900,126.81871800,125.72550200,124.77240000,126.61471600,10033
1.834157,68.920417,24.185556,161,043540.9+241108,CoKu Tau/3 AB,,7.43,0.05,,6.95,0.05,,6.48,0.05,,5.64,0.05,,3.31,0.04,,1.33,0.22,>,-2.14,,yes,yes,yes,yes,yes,,1,NAME CoKu Tau 3,yso,class II,II,M1,,7.7,0.1,,0.11,,68.9204,24.1856,147605278502447744,68.92071317780,24.18512405060,125.24181400,122.92659000,128.22312900,,,,10099
0.776676,68.924167,22.569722,162,043541.8+223411,KPNO-8,,11.64,0.05,,11.54,0.05,,11.43,0.06,,11.46,0.06,>,10.71,,>,1.12,,,,,,,,no,no,,1,[BLH2002] KPNO-Tau 8,,star,III,M5.75,,0.0,-1.7,<,0.002,,68.9242,22.5697,145133786815830784,68.92438138750,22.56980775417,153.03857400,151.00982700,154.77377300,152.83166500,151.08671600,154.80142200,10022
1.249284,68.938333,27.620278,163,043545.2+273713,J04354526+2737130,,13.18,0.06,,13.11,0.06,,12.93,0.07,,13.07,0.11,>,10.62,,>,1.47,,,,,,,,no,no,,1,2MASS J04354526+2737130,,star,III,M9.25,,1.0,-2.5,<,0.0021,,68.9383,27.6203,151870352825256576,68.93871360602,27.62019614886,133.79051200,122.16458900,149.09115600,135.63758900,122.22197000,153.25566100,10033
0.770374,68.947083,22.839167,164,043547.3+225021,HQ Tau,<,6.62,,<,6.1,,,5.61,0.05,,4.47,0.05,,1.65,0.04,,-0.18,0.22,,,,yes,yes,yes,,,,1,HQ Tau,,,II,K2,-1.2,3.8,0.6,,0.098,"b,c",68.9471,22.8392,145209618758377856,68.94728462696,22.83927313311,160.63208000,154.72380100,168.15084800,161.18089300,155.22316000,166.44633500,10033
1.492154,68.9625,22.877778,165,043551.0+225240,KPNO-15,,9.79,0.05,,9.72,0.05,,9.66,0.05,,9.65,0.05,,9.71,0.11,>,0.72,,,,,,no,no,no,no,,1,[BLH2002] KPNO-Tau 15,star,star,III,M1.5,,2.7,-0.7,<,2.2E-5,,68.9625,22.8778,145210099794710272,68.96293446165,22.87767043015,159.10388200,158.38317900,159.94384800,159.06475800,158.25950600,159.96508800,10033
0.828655,68.964167,22.819722,166,043551.4+224911,KPNO-9,,13.63,0.06,,13.52,0.06,,13.7,0.12,,13.41,0.17,>,10.93,,>,0.86,,,,,,,,no,no,,1,[BLH2002] KPNO-Tau 9,,star,III,M8.5,,1.4,-2.6,<,0.004,,68.9642,22.8197,145209339585095424,68.96433535434,22.81989201123,182.62303200,147.23184200,242.89286800,777.36669900,624.78021200,921.51257300,20033
1.674353,68.966667,22.9175,167,043552.0+225503,2MASS J04355209+2255039,,9.56,0.05,,9.52,0.05,,9.39,0.05,,9.35,0.06,,,,>,0.5,,,,,,,,no,no,,1,2MASS J04355209+2255039,,star,III,,,,,,,,68.9667,22.9175,145213295250374016,68.96709847026,22.91774161835,159.43054200,157.93129000,160.81134000,159.43200700,157.67666600,161.00822400,10022
1.279089,68.969583,22.906389,168,043552.7+225423,HP Tau AB,<,6.62,,,6.2,0.05,,5.65,0.05,,4.88,0.05,,1.49,0.04,,-1.93,0.22,,-4.48,0.34,yes,yes,yes,yes,,,1,HP Tau,,,II,K3,-11.2,4.8,0.3,,0.24,d,68.9696,22.9064,145213187879627776,68.96996821974,22.90637091669,170.04580700,168.59944200,171.61146500,170.13073700,168.65823400,171.82595800,10033
1.135777,68.97,22.849444,169,043552.8+225058,2MASS J04355286+2250585,,9.46,0.05,,9.36,0.05,,9.28,0.05,,9.29,0.05,,9.1,0.13,>,0.93,,,,,,no,no,no,no,,1,2MASS J04355286+2250585,yso,star,III,,,,,,,,68.97,22.8494,145209442664192896,68.97033421694,22.84951239784,160.74795500,159.17030300,162.08302300,160.55308500,159.65199300,161.62767000,10022
1.705217,68.9725,22.902222,170,043553.4+225408,HP Tau/G3 AB,,8.62,0.05,,8.6,0.05,,8.51,0.05,,8.47,0.06,,,,>,-0.03,,>,-2.19,,,,,no,no,,1,CoKu HP Tau G3,,star,III,K7,,2.2,-0.2,<,0.0011,,68.9725,22.9022,145213192171160064,68.97296810585,22.90241802787,158.00524900,157.07069400,158.92515600,157.94209300,156.93359400,158.86837800,10033
0.984390,68.975417,22.903611,171,043554.1+225413,HP Tau/G2,,7.19,0.05,,7.17,0.05,,7.11,0.05,,7.02,0.05,,,,>,-0.03,,>,-2.35,,,,,no,no,,1,CoKu HP Tau G2,,star,III,G0,,2.6,0.8,<,5.9E-4,,68.9754,22.9036,145213192171159552,68.97570454070,22.90367892339,166.31251500,164.83355700,168.08250400,165.81269800,164.40966800,167.33656300,10033
0.927681,68.986667,22.91,172,043556.8+225436,Haro 6-28 AB,,8.61,0.05,,8.18,0.05,,7.85,0.05,,7.14,0.05,,4.39,0.04,>,0.7,,>,-2.24,,,yes,yes,yes,yes,,1,Haro 6-28,yso,class II,II,M5,,4.1,-0.6,,0.11,,68.9867,22.91,145213226530896896,68.98694132624,22.90994947220,148.31617700,143.61610400,155.20163000,149.57318100,144.41685500,156.60455300,10033
0.604191,68.995417,22.643056,173,043558.9+223835,2MASS J04355892+2238353,,8.15,0.05,,8.19,0.05,,8.1,0.05,,8.06,0.05,,,,>,1.12,,,,,,,,no,no,,1,2MASS J04355892+2238353,,star,III,,,,,,,,68.9954,22.6431,145157941711889536,68.99559884742,22.64305597919,166.05317700,165.13530000,167.05905200,166.13134800,165.28645300,167.06941200,10033
0.236294,69.042917,21.993333,174,043610.3+215936,J04361030+2159364,,13.02,0.06,,12.74,0.06,,12.41,0.06,,11.74,0.06,,9.01,0.18,>,1.07,,,,,,yes-faint,no,no,yes,,1,2MASS J04361030+2159364,not yso,class II,II,M8.5,,0.8,-2.4,,0.096,,69.0429,21.9933,144911784251503616,69.04298110278,21.99336084594,119.11480700,113.20959500,125.71245600,118.20667300,112.46675900,124.50673700,10033
1.352892,69.042917,22.998889,175,043610.3+225956,CFHT-2,,11.63,0.05,,11.43,0.05,,11.34,0.06,,11.32,0.06,>,10.61,,>,1.48,,>,-3.51,,,,,no,no,,1,[MDM2001] CFHT-BD-Tau 2,,star,II,M7.5,,3.0,-1.8,<,0.0024,,69.0429,22.9989,145220064117853696,69.04331806803,22.99881879928,166.85766600,159.25798000,176.69450400,156.92387400,138.72972100,168.66717500,10122
1.613708,69.079167,25.716111,176,043619.0+254258,LkCa 14,,8.52,0.05,,8.54,0.05,,8.51,0.05,,8.45,0.05,,8.24,0.1,>,0.99,,>,-0.98,,,no,no,no,no,,1,LkCa 14,yso,star,III,M0,,0.0,-0.2,<,4.5E-5,,69.0792,25.7161,148037764527442944,69.07963351684,25.71626678549,127.83174100,127.37953900,128.18086200,127.81086700,127.34765600,128.23989900,10033
0.808975,69.162083,22.969722,177,043638.9+225811,CFHT-3,,11.79,0.05,,11.69,0.05,,11.59,0.06,,11.57,0.06,>,8.55,,>,1.12,,,,,,,,no,no,,1,[MDM2001] CFHT-BD-Tau 3,,star,III,M7.75,,1.8,-1.9,<,0.0025,,69.1621,22.9697,145217379763796992,69.16224966214,22.96988616703,181.26661700,174.57177700,187.85607900,180.08346600,174.64819300,186.63586400,10101
1.204712,69.204583,24.216111,178,043649.1+241258,HD 283759,,8.32,0.05,,8.25,0.05,,8.3,0.05,,8.2,0.05,,6.64,0.05,,1.1,0.22,>,0.51,,yes,yes,yes,no,no,,1,HD 283759,yso,star,II,F2,5.5,0.4,0.4,,0.0037,b,69.2046,24.2161,147562470562750720,69.20488944124,24.21629506160,161.93286100,161.45704700,162.41253700,161.82702600,161.31999200,162.33052100,10033
0.993872,69.503333,25.9825,179,043800.8+255857,ITG 2,,9.6,0.05,,9.47,0.05,,9.37,0.05,,9.31,0.05,,9.17,0.19,>,0.96,,>,-2.05,,,no,no,no,no,,1,ITG 2,yso,star,III,M7.25,,2.3,-0.9,<,8.9E-5,,69.5033,25.9825,148420639387738112,69.50363896330,25.98247609844,146.32524100,143.76756300,148.87478600,146.94006300,144.42393500,162.88896200,10011
1.329230,69.561667,26.194167,180,043814.8+261139,J04381486+2611399,,10.8,0.05,,10.21,0.05,,9.64,0.05,,8.92,0.05,,4.98,0.04,>,0.8,,>,-1.11,,,yes,yes,yes,yes,,1,2MASS J04381486+2611399,yso,class II,I,M7.25,,3.5,-2.3,,0.75,,69.5617,26.1942,148450875956969344,69.56203406964,26.19433386773,141.70538300,132.26277200,150.71101400,136.82258600,128.39723200,155.31512500,10033
0.325178,69.565,23.040833,181,043815.6+230227,RXJ0438.2+2302,,9.69,0.05,,9.69,0.05,,9.64,0.05,,9.6,0.05,>,9.35,,>,1.08,,,,,,,,no,no,,1,RXJ0438.2+2302,,star,III,M1,,0.3,-0.7,<,7.8E-4,,69.565,23.0408,146675954953119104,69.56505447855,23.04090813808,125.69461100,125.43647800,125.94194800,125.83858500,125.59161400,126.10383600,10033
0.741554,69.58875,26.153611,182,043821.3+260913,GM Tau,,9.27,0.05,,8.77,0.05,,8.43,0.05,,7.81,0.05,,5.33,0.04,>,0.97,,>,-1.31,,,yes,yes,yes,yes,,1,GM Tau,yso,class II,II,,,,,,,c,69.5887,26.1536,148449845165337600,69.58893967777,26.15372694431,138.11439500,136.89810200,139.41653400,138.12704500,137.04510500,139.43862900,10033
1.292148,69.61875,26.180278,183,043828.5+261049,DO Tau,<,6.62,,<,6.1,,,5.26,0.05,,4.77,0.05,,1.09,0.04,,-1.37,0.22,,-3.92,0.34,yes,yes,yes,,,,1,DO Tau,,,II,M0,,4.9,0.3,,0.28,,69.6187,26.1803,148449913884294528,69.61914793114,26.18031412495,138.38803100,137.73654200,139.10069300,138.42916900,137.74607800,139.19000200,10033
1.327465,69.646667,26.177222,184,043835.2+261038,HV Tau AB,,7.65,0.05,,7.59,0.05,,7.49,0.05,,7.46,0.05,,,,>,0.72,,>,-3.65,,,,,no,no,,1,HV Tau AB,,star,III,M1,,2.5,0.1,<,0.0012,,69.6467,26.1772,148450085683504896,69.64706733088,26.17730503100,137.37225300,136.22604400,138.37124600,137.33688400,136.26826500,138.47593700,10033
1.546313,69.74375,23.609722,186,043858.5+233635,J0438586+2336352,,10.51,0.05,,,,,9.84,0.05,,,,,6.39,0.05,>,0.85,,,,,,yes,,,,,1,[SCH2006b] J0438586+2336352,,,II,M4.25,,0.0,-1.3,,0.085,,69.7437,23.6097,146767764173923328,69.74421535765,23.60967026952,125.44235200,124.49506400,126.28660600,125.71142600,124.82489800,126.71661400,10021
0.850198,69.756667,23.600556,187,043901.6+233602,J0439016+2336030,,9.76,0.05,,,,,9.18,0.05,,,,,6.28,0.05,>,2.3,,,,,,yes,,,,,1,[SCH2006b] J0439016+2336030,,,II,M6,-3.3,0.9,-1.0,,0.044,,69.7567,23.6006,146764809236423808,69.75684709578,23.60072493440,125.87552600,125.42216500,126.27668800,125.81087500,125.43518800,126.23161300,10033
0.928459,69.76625,25.740556,188,043903.9+254426,CFHT-6,,10.75,0.05,,10.45,0.05,,10.02,0.06,,9.14,0.05,,6.51,0.05,>,0.47,,>,-0.54,,,yes,yes,yes,yes,c,1,[MDM2001] CFHT-BD-Tau 6,yso,class II,II,M7.25,,1.3,-1.5,,0.12,,69.7662,25.7406,148354733113981696,69.76653630984,25.74055774969,139.79936200,137.16535900,142.72399900,139.94123800,136.95346100,143.39547700,10011
1.340785,69.77625,23.571389,189,043906.3+233417,J0439064+2334179,,10.73,0.05,,,,,10.62,0.06,,,,>,9.32,,,,,,,,,,,,,,1,[SCH2006b] J0439064+2334179,,,III,M7.5,,0.0,-1.4,<,,,69.7762,23.5714,146764465639042176,69.77661704068,23.57154880102,124.15798200,123.30410000,125.17630000,124.37236800,123.52623700,125.57340200,10022
1.438145,69.82375,22.350833,191,043917.7+222103,LkCa 15,,7.61,0.05,,7.41,0.05,,7.23,0.05,,6.64,0.05,,3.11,0.04,,-0.4,0.22,,-2.47,0.22,yes,yes,yes,yes,yes,,1,LkCa 15,yso,class II,II,K5,,1.9,0.0,,0.1,,69.8237,22.3508,144936836795636864,69.82418064979,22.35086379228,156.45118700,155.87100200,157.22949200,156.49099700,155.91430700,157.07989500,10033
1.259216,69.9475,26.027778,194,043947.4+260140,CFHT-4,,9.54,0.05,,9.07,0.05,,8.6,0.05,,7.78,0.05,,4.95,0.04,>,0.91,,>,-4.76,,,yes,yes,yes,yes,,1,[MDM2001] CFHT-BD-Tau 4,yso,class II,II,M7,,4.4,-1.0,,0.14,,69.9475,26.0278,148400156688543104,69.94787454133,26.02787327808,139.52932700,135.88182100,143.61869800,,,,10000
0.807099,69.982083,25.750556,196,043955.7+254502,IC2087 IRS,<,6.62,,<,6.1,,<,3.49,,<,3.52,,<,0.45,,,-2.17,0.22,>,-5.41,,,,,,,c,1,NAME IC 2087 IR,,,flat,K4,,18.0,1.3,,0.41,,69.9821,25.7506,148374391180009600,69.98230194022,25.75044934243,144.16861000,141.21682700,147.55101000,,,,10000
0.183053,70.033333,26.090278,198,044008.0+260525,IRAS 04370+2559,,7.96,0.05,,7.38,0.05,,6.93,0.05,,5.93,0.05,,2.43,0.04,,0.75,0.22,>,-1.78,,yes,yes,yes,yes,yes,,1,IRAS 04370+2559,yso,class II,II,<M0,,13.1,0.0,,0.15,,70.0333,26.0903,148401565437820928,70.03338022352,26.09030604985,137.44148300,132.03164700,141.81921400,138.27911400,132.95185900,146.19749500,10011
1.285222,70.165417,25.318333,199,044039.7+251906,J04403979+2519061 AB,,9.84,0.05,,9.68,0.06,,9.62,0.05,,9.57,0.05,,7.55,0.05,>,1.0,,>,-2.43,,,yes,yes-faint,no,no,,1,2MASS J04403979+2519061,yso,star,III,M5.25,,3.6,-0.9,,0.0042,,70.1654,25.3183,148141775750936960,70.16580880191,25.31828807158,142.51121500,137.70748900,147.25129700,143.13800000,138.25064100,149.55659500,10011
0.409349,70.20625,25.855278,200,044049.5+255119,JH223,,8.9,0.05,,8.6,0.05,,8.24,0.05,,7.74,0.05,,5.13,0.04,,2.2,0.22,>,0.93,,yes,yes,yes,yes,yes,,1,JH223,yso,class II,II,M2,,1.5,-0.6,,0.08,,70.2062,25.8553,148381984682184192,70.20631650736,25.85518131742,140.30915800,139.93171700,140.78767400,140.33377100,139.92230200,140.77728300,10033
1.753986,70.20625,25.855278,200,044049.5+255119,JH223,,8.9,0.05,,8.6,0.05,,8.24,0.05,,7.74,0.05,,5.13,0.04,,2.2,0.22,>,0.93,,yes,yes,yes,yes,yes,,1,JH223,yso,class II,II,M2,,1.5,-0.6,,0.08,,70.2062,25.8553,148381984682184320,70.20610891107,25.85574838440,139.12965400,136.85498000,141.38650500,,,,10099
0.252129,70.269583,24.851667,202,044104.7+245106,IW Tau AB,,8.13,0.05,,8.15,0.05,,8.08,0.05,,8.03,0.05,,7.97,0.07,>,1.08,,,,,,no,no,no,no,,1,IW Tau,star,star,III,K7,,1.1,0.0,<,4.0E-5,,70.2696,24.8517,148063641705483776,70.26965873258,24.85168051359,141.54539500,136.82453900,146.94854700,,,,10099
0.328730,70.269583,24.851667,202,044104.7+245106,IW Tau AB,,8.13,0.05,,8.15,0.05,,8.08,0.05,,8.03,0.05,,7.97,0.07,>,1.08,,,,,,no,no,no,no,,1,IW Tau,star,star,III,K7,,1.1,0.0,<,4.0E-5,,70.2696,24.8517,148063637410559488,70.26962678418,24.85158478203,137.99000500,132.32884200,145.43556200,136.69310000,131.50019800,142.87838700,10033
0.940969,70.284167,25.935278,203,044108.2+255607,ITG 33 A,,9.68,0.05,,9.05,0.05,,8.49,0.05,,7.73,0.05,,4.6,0.04,>,0.67,,>,0.73,,,yes,yes,yes,yes,,1,ITG 33 A,yso,class II,flat,M3,,8.3,-1.1,,0.33,,70.2842,25.9353,148384179410294272,70.28445760722,25.93528259923,145.87538100,142.80401600,149.79579200,147.09344500,143.70567300,150.56306500,10033
1.257289,70.294583,25.919722,204,044110.7+255511,ITG 34,,10.78,0.05,,10.35,0.05,,9.92,0.06,,9.22,0.05,,6.48,0.05,>,0.74,,>,-1.25,,,yes,yes,yes,yes,,1,ITG 34,yso,class II,II,M5.5,,4.0,-1.4,,0.1,,70.2946,25.9197,148196510814073728,70.29496534113,25.91978298924,150.54127500,147.06861900,154.21786500,151.40243500,147.79418900,155.09094200,10012
0.619645,70.411667,25.940556,206,044138.8+255626,IRAS04385+2550,,8.24,0.05,,7.74,0.05,,7.13,0.05,,6.05,0.05,,1.86,0.04,,-0.9,0.22,,-2.73,0.22,yes,yes,yes,yes,yes,,1,IRAS04385+2550,yso,class II,flat,M0,,9.3,-0.2,,0.3,,70.4117,25.9406,148289831863907840,70.41180463045,25.94067562056,159.03532400,152.88600200,165.84159900,158.99350000,153.33773800,167.65190100,10033
0.821298,70.450833,25.575,207,044148.2+253430,J04414825+2534304,,11.43,0.05,,10.93,0.05,,10.5,0.06,,9.54,0.05,,6.33,0.05,>,1.02,,>,-4.57,,,yes,yes-faint,yes,yes,,1,2MASS J04414825+2534304,yso,class II,II,M7.75,,2.4,-1.8,,0.21,,70.4508,25.575,148172179824515968,70.45107337398,25.57507095885,137.32061800,134.44186400,140.01907300,136.45156900,133.61085500,139.18873600,10033
1.303687,70.5225,25.382222,208,044205.4+252256,LkHa332/G2 AB,,7.99,0.05,,7.87,0.05,,7.74,0.05,,7.7,0.05,,7.18,0.05,,,,>,-4.69,,,yes,yes,no,no,b,1,CoKu LkHA 332 G2,yso,star,III,K7,,4.3,0.1,,1.6E-4,,70.5225,25.3822,148116246465275520,70.52290010832,25.38220031350,145.79402200,137.41809100,154.63475000,146.16371200,141.07472200,151.50279200,10033
1.379076,70.532083,25.386389,210,044207.7+252311,V955 Tau Ab,,6.99,0.05,,6.58,0.05,,6.15,0.05,,5.4,0.05,,2.76,0.04,,-0.56,0.22,>,-2.07,,yes,yes,yes,yes,yes,b,1,V955 Tau,yso,class II,II,K7,,5.0,0.2,,0.14,,70.5321,25.3864,148116280825446784,70.53246540645,25.38655450295,154.20845000,144.60562100,166.61801100,155.66285700,147.30813600,167.04237400,10033
0.367284,70.5875,25.342778,211,044221.0+252034,CIDA-7,,9.51,0.05,,9.11,0.05,,8.65,0.05,,7.79,0.05,,4.2,0.04,,1.13,0.22,>,-1.18,,yes,yes,yes,yes,yes,,1,[BCG93] 7,yso,class II,II,M3,,1.6,-0.9,,0.2,,70.5875,25.3428,148112913570653568,70.58761283493,25.34277489229,139.59986900,138.89373800,140.53598000,139.22404500,138.34834300,140.29325900,10033
1.173980,70.7625,25.338333,213,044303.0+252018,GO Tau,,8.9,0.05,,8.64,0.05,,8.21,0.05,,7.42,0.05,,4.3,0.04,,1.03,0.22,>,0.53,,yes,yes,yes,yes,yes,,1,GO Tau,yso,class II,II,M0,,2.3,-0.5,,0.096,,70.7625,25.3383,148106316500918272,70.76284072360,25.33844030758,141.33108500,140.96830700,141.76071200,141.43873600,141.01265000,141.82263200,10033
0.684752,71.112917,25.204444,214,044427.1+251216,IRAS04414+2506,,9.56,0.05,,9.0,0.05,,8.36,0.05,,7.43,0.05,,4.25,0.04,,1.76,0.22,>,0.05,,yes,yes,yes,yes,yes,,1,IRAS S04414+2506,yso,class II,II,M7.25,,1.6,-1.3,,0.44,,71.1129,25.2044,147441558642852736,71.11312402593,25.20447704822,141.90745500,140.76680000,142.91922000,141.73436000,140.52288800,142.96601900,10022
0.353019,71.6775,24.984167,215,044642.6+245903,RXJ04467+2459,,10.05,0.05,,9.97,0.05,,9.87,0.06,,9.9,0.05,,9.53,0.26,>,0.96,,,,,,no,no,no,no,,1,RX J0446.7+2459,yso,star,III,M4,,0.0,-1.0,<,1.5E-4,,71.6775,24.9842,147373010964871040,71.67760814758,24.98416445134,146.67163100,144.36509700,148.82328800,146.86203000,144.99499500,149.18418900,10022
