angDist,_RAJ2000,_DEJ2000,recno,SST,M,CName,l_[3.6],[3.6],e_[3.6],l_[4.5],[4.5],e_[4.5],l_[5.8],[5.8],e_[5.8],l_[8.0],[8.0],e_[8.0],l_[24],[24],e_[24],l_[70],[70],e_[70],l_[160],[160],e_[160],24/70,KS/24,8/24,4.5/8,IRAC,M1,2M,SimbadName,Rank,c2dCat,GutCat,Class,SpType,EW,AV,logL*,l_LIR/L,LIR/L,Mmclass,Note2,_RA,_DE,ra_epoch2000,dec_epoch2000,errHalfMaj,errHalfMin,errPosAng,source_id,ra,ra_error,dec,dec_error,parallax,parallax_error,parallax_over_error,pm,pmra,pmra_error,pmdec,pmdec_error,astrometric_n_good_obs_al,astrometric_gof_al,astrometric_chi2_al,astrometric_excess_noise,astrometric_excess_noise_sig,astrometric_params_solved,pseudocolour,pseudocolour_error,visibility_periods_used,ruwe,duplicated_source,phot_g_mean_flux,phot_g_mean_flux_error,phot_g_mean_mag,phot_bp_mean_flux,phot_bp_mean_flux_error,phot_bp_mean_mag,phot_rp_mean_flux,phot_rp_mean_mag,phot_bp_rp_excess_factor,bp_rp,dr2_radial_velocity,dr2_radial_velocity_error,dr2_rv_nb_transits,dr2_rv_template_teff,dr2_rv_template_logg,panstarrs1,sdssdr13,skymapper2,urat1,phot_g_mean_mag_error,phot_bp_mean_mag_error,phot_rp_mean_mag_error,phot_g_mean_mag_corrected,phot_g_mean_mag_error_corrected,phot_g_mean_flux_corrected,phot_bp_rp_excess_factor_corrected,ra_epoch2000_error,dec_epoch2000_error,ra_dec_epoch2000_corr
0.936751,62.99875,29.71,1,041159.7+294236,w,,,,,,10.91,0.05,,,,,10.22,0.06,,9.88,0.35,>,1.16,,>,1.33,,,yes,no,yes,,,1,,C,,,III,G8-K1,0.9,2.8,-0.8,,0.002,needs add'l followup,b,62.9987,29.71,62.99891395540,29.71021778440,0.0005967,0.0003971,64.82,165636861177007360,62.99890138360,0.0224,29.71022182763,0.0147,0.3415,0.0259,13.2084,2.620,-2.457,0.036,0.910,0.028,343,2.2214,383.13,0.000,0.000e+00,31,,,15,1.086,0,3.39439e+04,7.39715e+00,14.360464,9.95760e+03,1.48493e+01,15.343156,3.51099e+04,13.384321,1.328,1.958835,,,0,,,143650629988882814,,,599042032,0.002765,0.003226,0.003820,14.360464,0.002765,3.39439e+04,-0.002,0.5658,0.4400,0.3068
1.056938,63.384583,29.290556,2,041332.3+291726,w,,,13.04,0.06,,12.96,0.06,,12.79,0.07,,11.96,0.07,,8.19,0.09,,2.45,0.22,>,0.08,,no,yes,no,no,no,,1,,A,not yso,star,II,,,,,,,pending followup,c,63.3846,29.2906,63.38482351805,29.29076141385,0.0013526,0.0008570,97.44,165564911884904576,63.38481886290,0.0555,29.29074850762,0.0318,0.7990,0.0655,12.1947,3.044,-0.913,0.084,-2.904,0.055,353,8.6298,649.24,0.293,9.278e+00,31,,,15,1.343,0,8.22072e+03,4.37638e+00,15.900092,3.00265e+03,1.24051e+01,16.644781,7.74992e+03,15.024653,1.308,1.620129,,,0,,,143140633848109458,,,597041885,0.002815,0.005283,0.004384,15.900092,0.002815,8.22072e+03,0.023,1.3458,0.8676,-0.1204
0.482474,63.414167,29.353889,3,041339.4+292114,w,,,12.8,0.06,,11.94,0.05,,11.15,0.06,,10.35,0.06,,7.54,0.06,>,1.2,,>,1.46,,,no,no,yes-faint,yes,,1,,B-,yso,embedded,flat,,,,,,,pending followup,j,63.4142,29.3539,63.41430306851,29.35395141755,0.0081168,0.0046551,91.48,165565526063708928,63.41430236973,0.2917,29.35395092139,0.1704,-0.6747,0.3599,-1.8746,0.177,-0.137,0.506,-0.112,0.295,359,0.4115,382.32,0.000,0.000e+00,31,,,17,1.015,0,3.58950e+02,1.74306e+00,19.299782,1.91328e+02,8.36388e+00,19.634098,2.73774e+02,18.654413,1.296,0.979685,,,0,,,143220634143005311,,,,0.005949,0.047545,0.032401,19.299782,0.005949,3.58950e+02,0.081,8.1149,4.6583,-0.0303
0.258036,63.61375,25.858333,4,041427.3+255130,p,,,13.01,0.06,,12.95,0.06,,12.97,0.07,,12.22,0.08,,9.31,0.21,>,1.33,,>,-0.25,,,yes,no,no,no,,1,,B+,not yso,star,III,G5,2.5,0.4,-1.7,,0.0095,"possible,new member","b,n",63.6137,25.8583,63.61379580764,25.85839163739,0.0005948,0.0004037,87.51,150667319602082688,63.61388526636,0.0247,25.85835512664,0.0156,1.0044,0.0278,36.1740,19.889,18.113,0.037,-8.215,0.026,363,-0.7239,349.42,0.000,0.000e+00,31,,,17,0.972,0,1.95595e+04,4.59732e+00,14.958975,9.16011e+03,1.26812e+01,15.433790,1.50314e+04,14.305399,1.237,1.128391,,,0,,,139030636138530595,1237660559207235880,,580038359,0.002767,0.003169,0.003915,14.958975,0.002767,1.95595e+04,0.008,0.5945,0.4042,0.0344
1.139317,63.898333,28.794722,5,041535.6+284741,w,,,13.2,0.06,,12.26,0.06,,11.33,0.06,,10.34,0.06,,5.65,0.04,,2.05,0.22,>,-1.53,,yes,no,yes-faint,yes-faint,yes,,1,,A-,yso,embedded,I,,,,,,,pending followup,c,63.8983,28.7947,63.89867666429,28.79481923194,0.0041258,0.0023871,92.63,164773327935288320,63.89867666429,4.1229,28.79481923194,2.3921,,,,,,,,,214,16.6696,767.04,16.093,2.126e+01,3,,,12,,0,6.88226e+01,1.05370e+00,21.093039,4.01966e+01,8.22944e+00,21.328068,2.46908e+02,18.766556,4.172,2.561512,,,0,,,142550638986274405,1237660753019994599,,,0.016850,0.222300,0.040424,21.093039,0.016850,6.88226e+01,2.756,4.1229,2.3921,-0.0526
0.985996,63.912917,28.316111,6,041539.1+281858,M,,,8.77,0.05,,8.52,0.05,,8.17,0.05,,7.5,0.05,,4.23,0.04,,1.08,0.22,>,-2.26,,yes,yes,yes,yes,yes,,1,,A+,yso,class II,II,M5,-7.2,2.8,-0.5,,0.075,new member,"b,f,l",63.9129,28.3161,63.91318021689,28.31625701309,0.0006373,0.0004290,72.45,164684340508950144,63.91322841283,0.0284,28.31614973617,0.0171,7.5390,0.0316,238.3048,25.957,9.547,0.039,-24.137,0.029,426,6.1830,1132.05,0.194,1.770e+01,31,,,18,1.220,0,3.69360e+04,9.50793e+01,14.268743,3.84565e+03,4.17470e+01,16.376118,5.37510e+04,12.921928,1.559,3.454189,,,0,,,141980639131860007,1237660753019797568,,592040441,0.003925,0.012112,0.008815,14.268743,0.003925,3.69360e+04,0.012,0.6213,0.4520,0.2275
1.411448,63.927917,29.166389,7,041542.7+290959,M,,,9.2,0.05,,9.18,0.05,,9.05,0.05,,9.0,0.06,,4.51,0.04,,-0.16,0.22,>,-2.01,,yes,yes,yes,no,no,,1,,A+,yso,star,II,M0 w/ Av,-1.9,2.5,-0.5,,0.099,new member,"b,f",63.9279,29.1664,63.92827968696,29.16662012440,0.0005675,0.0003465,76.46,164800235906366976,63.92834129142,0.0246,29.16653948055,0.0135,6.2474,0.0270,231.6605,21.811,12.104,0.035,-18.145,0.023,351,8.8846,621.38,0.116,7.437e+00,31,,,18,1.355,0,4.81287e+04,7.56256e+01,13.981357,7.89699e+03,5.10081e+01,15.594889,6.36592e+04,12.738243,1.487,2.856646,,,0,,,143000639283100438,1237660753020191082,,596042663,0.003241,0.007548,0.005474,13.981357,0.003241,4.81287e+04,0.027,0.5577,0.3621,0.2277
1.360693,63.99125,27.771389,8,041557.9+274617,M,,,9.72,0.05,,9.4,0.05,,9.06,0.05,,8.37,0.05,,5.74,0.04,>,1.22,,>,-1.58,,,yes,yes,yes,yes,,1,,A+,yso,class II,II,M6,-32.2,1.1,-1.1,,0.12,new member,"b,f,l",63.9912,27.7714,63.99166427800,27.77148117454,0.0011144,0.0007141,84.63,162967384383246336,63.99170918430,0.0479,27.77137256331,0.0278,7.5097,0.0531,141.3257,26.021,8.940,0.069,-24.438,0.045,359,0.7440,707.73,0.275,1.020e+01,31,,,18,1.027,0,1.01633e+04,9.52969e+01,15.669778,7.86571e+02,2.81308e+01,18.099197,1.59045e+04,14.244092,1.642,3.855105,,,0,,,141320639916806323,1237660753019601013,,589042520,0.010547,0.038930,0.030808,15.669778,0.010547,1.01633e+04,0.041,1.1115,0.7185,0.0854
0.441990,64.02,26.300278,9,041604.8+261801,w,,,12.27,0.05,,11.5,0.05,,10.73,0.06,,9.85,0.06,,6.53,0.05,>,1.3,,>,-1.27,,,no,yes-faint,yes-faint,yes,,1,,C-,yso,embedded,flat,,,,,,,pending followup,,64.02,26.3003,64.02013595303,26.30029279927,0.0062110,0.0033824,78.60,150709444641383936,64.02013712744,0.2460,26.30029378364,0.1287,0.1827,0.3012,0.6067,0.324,0.237,0.377,0.221,0.222,326,2.2641,391.84,0.669,1.991e+00,95,1.5108,0.0446,16,1.090,0,5.69812e+02,3.08044e+00,18.798038,3.09023e+02,1.07725e+01,19.113565,6.59559e+02,17.699762,1.700,1.413803,,,0,,,139560640201360929,1237660753018945648,,582039520,0.006484,0.037951,0.021330,18.797997,0.006484,5.69833e+02,0.440,6.1250,3.5356,0.2428
1.173520,64.102083,29.149444,11,041624.5+290858,w,HD 281820,,9.49,0.05,,9.49,0.05,,9.45,0.05,,9.44,0.05,,8.28,0.09,>,1.25,,>,-0.98,,,yes,yes,no,no,,1,HD 281820,B,yso,star,III,A2,11.5,0.8,0.3,,1.7E-4,needs add'l followup,"b,n",64.1021,29.1494,64.10234339696,29.14967754330,0.0003724,0.0002324,88.14,164797865084406400,64.10239468388,0.0153,29.14961741334,0.0085,3.1815,0.0171,185.5737,16.870,10.078,0.023,-13.529,0.015,371,0.5241,835.29,0.074,8.658e+00,31,,,16,1.019,1,8.83171e+05,1.49527e+02,10.822255,4.75846e+05,2.19076e+02,11.144876,5.89085e+05,10.322450,1.206,0.822426,,,0,,,,1237660555450450039,,596042832,0.002761,0.002835,0.003798,10.822255,0.002761,8.83171e+05,0.004,0.3723,0.2326,0.0318
1.448236,64.275833,26.736944,12,041706.2+264413,w,,,11.08,0.05,,11.12,0.05,,11.1,0.06,,11.0,0.06,,8.92,0.16,>,0.96,,>,0.18,,,yes,no,no,no,,1,,B+,not yso,star,III,K3,1.5,0.9,-1.0,,0.002,needs add'l followup,b,64.2758,26.7369,64.27621369574,26.73715903693,0.0003736,0.0002386,75.35,150831181194504832,64.27623241161,0.0158,26.73715307286,0.0094,0.3761,0.0182,20.7033,3.993,3.761,0.023,-1.342,0.016,409,1.1379,425.50,0.000,0.000e+00,31,,,18,1.039,0,5.76893e+04,8.01211e+00,13.784629,2.22922e+04,1.78435e+01,14.468159,5.09197e+04,12.980681,1.269,1.487477,,,0,,,140080642763534919,1237660555449401620,,584041392,0.002759,0.002922,0.003807,13.784629,0.002759,5.76893e+04,0.000,0.3664,0.2494,0.2211
0.542492,64.504583,28.590556,13,041801.1+283526,p,,,11.15,0.05,,11.12,0.05,,11.05,0.06,,10.94,0.06,,9.1,0.13,>,1.54,,>,-0.22,,,yes,no,no,no,,1,,B+,not yso,star,III,K0-K2:,1.1,6.2,-0.9,,0.0013,"possible,new member","b,o",64.5046,28.5906,64.50469013629,28.59067372238,0.0016976,0.0009765,88.57,164708800346144000,64.50470886525,0.0751,28.59067086363,0.0366,0.3379,0.0869,3.8885,3.756,3.700,0.104,-0.643,0.062,433,-0.5324,449.60,0.000,0.000e+00,31,,,15,0.981,0,3.06265e+03,2.14832e+00,16.972122,4.24684e+02,9.85886e+00,18.768377,4.35657e+03,15.650033,1.561,3.118344,,,0,,,142300645046799385,1237660752483057706,,593041464,0.002859,0.025359,0.007100,16.972122,0.002859,3.06265e+03,0.063,1.6973,0.9771,0.0290
1.309362,64.51375,24.669167,14,041803.3+244009,w,,,10.08,0.05,,10.07,0.05,,10.03,0.06,,9.83,0.05,,7.21,0.05,>,1.1,,>,-0.39,,,yes,yes-faint,no,no,,1,,B,yso,star,III,A9,7.9,0.3,-0.3,,0.0022,needs add'l followup,"b,e,n",64.5137,24.6692,64.51409644638,24.66934912693,0.0004239,0.0002756,75.11,149936419247206144,64.51411264277,0.0197,24.66930833627,0.0110,2.7189,0.0225,120.8886,9.757,3.312,0.026,-9.178,0.018,359,8.3274,1501.06,0.126,2.621e+01,31,,,16,1.328,0,3.81666e+05,8.38526e+01,11.733158,1.86784e+05,1.21112e+02,12.160196,2.80373e+05,11.128556,1.224,1.031640,13.02,2.50,9,6500.0,4.5,,1237660557597016194,,574037931,0.002766,0.002878,0.003793,11.733158,0.002766,3.81666e+05,0.004,0.4157,0.2877,0.2154
1.497508,64.54375,28.746389,15,041810.5+284447,w,,,12.42,0.05,,11.73,0.05,,10.94,0.06,,10.06,0.06,,6.42,0.05,,1.84,0.22,>,2.04,,yes,no,no,yes-faint,yes,,1,,C,yso,class II,I,,,,,,,pending followup,,64.5437,28.7464,64.54420565832,28.74650490269,0.0101520,0.0065128,84.59,164714469703047424,64.54420351484,0.4205,28.74650494329,0.2439,0.0627,0.4591,0.1366,0.423,-0.423,0.629,0.009,0.412,449,2.4181,549.53,1.249,1.711e+00,95,1.3023,0.0840,17,1.082,0,2.13211e+02,8.71865e-01,19.865345,7.21647e+01,5.22677e+00,20.692730,2.91178e+02,18.587498,1.704,2.105232,,,0,,,142490645441416420,1237660752483123437,,594041637,0.005225,0.078688,0.022792,19.854696,0.005189,2.15312e+02,0.355,10.1255,6.5540,0.0857
1.187706,64.544583,25.3325,16,041810.7+251957,M,[GBM90] L1506 1,,8.1,0.05,,7.76,0.05,,7.27,0.05,,6.33,0.05,,4.42,0.04,,1.72,0.22,>,-1.45,,yes,yes,yes,yes,yes,h,1,[GBM90] L1506 1,A+,yso,class II,II,K8-M0,-4.3,4.3,-0.3,,0.11,new member,"a,b,e,f,o",64.5446,25.3325,64.54492876703,25.33260572905,0.0004726,0.0003486,79.08,150393571269837184,64.54497202982,0.0215,25.33250151513,0.0140,7.7117,0.0237,325.6872,25.044,8.798,0.029,-23.448,0.022,364,10.1512,1310.26,0.162,3.231e+01,31,,,18,1.401,0,1.83462e+05,4.04453e+03,12.528504,3.43179e+04,3.39502e+03,13.999739,2.45339e+05,11.273478,1.524,2.726261,,,0,,,138390645449629632,1237660759997546531,,577039851,0.024094,0.107446,0.046340,12.528504,0.024094,1.83462e+05,0.084,0.4687,0.3538,0.1142
0.139130,64.596667,25.324444,17,041823.2+251928,w,2MASX 04182321+2519281,,11.79,0.05,,11.09,0.05,,10.44,0.06,,9.57,0.05,,6.18,0.05,>,1.18,,>,-1.08,,,yes-faint,yes-faint,yes-faint,yes,,1,2MASX J04182321+2519281,B+,yso,class II,flat,G,1.9,7.7,-1.8,,0.34,needs add'l followup,"b,e,l,n",64.5967,25.3244,64.59670422588,25.32446301000,0.0226842,0.0145958,58.02,150390959929396608,64.59670030301,0.9230,25.32446486630,0.5388,1.6859,0.9920,1.6994,0.901,-0.798,1.288,0.418,1.080,318,4.2758,464.95,3.472,5.251e+00,95,1.3100,0.1842,15,1.175,0,1.21260e+02,1.09108e+00,20.478070,5.45402e+01,6.39534e+00,20.996750,2.72993e+02,18.657516,2.701,2.339233,,,0,,,138380645967259949,1237660759997546910,,577039886,0.010150,0.127343,0.025965,20.463256,0.010023,1.22926e+02,1.318,20.7365,17.2512,0.3787
1.125366,64.741667,23.841944,19,041858.0+235031,w,,,12.68,0.06,,11.85,0.05,,11.07,0.06,,10.22,0.06,,7.27,0.05,>,1.2,,>,0.33,,,no,no,yes-faint,yes,,1,,B,yso,embedded,flat,,,,,,,pending followup,c,64.7417,23.8419,64.74200795063,23.84196558879,0.0086133,0.0050228,107.22,149071580336201728,64.74200699177,0.2766,23.84196367666,0.1723,0.3247,0.3000,1.0823,0.473,-0.197,0.528,-0.430,0.345,343,0.2727,366.09,0.220,1.418e-01,95,1.3467,0.0494,17,1.010,0,4.29085e+02,1.41532e+00,19.106009,1.76156e+02,6.16477e+00,19.723797,4.57892e+02,18.095987,1.478,1.627810,,,0,,,136610647419760909,,,570036866,0.004519,0.038099,0.023322,19.103158,0.004511,4.30213e+02,0.192,8.3604,5.4333,-0.3048
0.047347,64.745833,25.961111,20,041859.0+255740,w,,,13.08,0.06,,12.06,0.06,,11.1,0.06,,9.9,0.06,,5.96,0.04,>,1.25,,>,1.82,,,no,yes-faint,yes-faint,yes,,1,,B-,yso,embedded,I,,,,,,,pending followup,,64.7458,25.9611,64.74583923981,25.96112289544,0.0213472,0.0145665,81.22,150542284512041472,64.74583887019,0.9657,25.96111920089,0.5537,1.3760,1.2375,1.1119,0.835,-0.075,1.315,-0.831,0.937,294,8.5836,568.24,4.228,7.658e+00,95,1.5360,0.1671,15,1.377,1,1.65399e+02,1.08962e+00,20.141035,1.92101e+02,7.96736e+00,19.629720,3.92211e+02,18.264097,3.533,1.365624,,,0,,,139150647458283922,1237660559207695353,,580039879,0.007665,0.045117,0.026154,20.141542,0.007668,1.65322e+02,2.278,21.2139,14.7600,0.1173
0.188431,64.900833,26.882222,21,041936.2+265256,w,,,12.26,0.05,,12.22,0.06,,12.17,0.06,,12.09,0.06,,9.27,0.15,>,1.55,,>,-0.29,,,yes,no,no,no,,1,,B,not yso,star,III,G3,2.7,0.8,-1.3,,0.0032,needs add'l followup,"b,n",64.9008,26.8822,64.90087652063,26.88225711214,0.0005140,0.0003354,78.88,150845234327543936,64.90089435381,0.0231,26.88224442764,0.0129,0.8800,0.0260,33.8216,4.578,3.579,0.032,-2.854,0.022,401,1.8560,455.62,0.047,7.954e-01,31,,,17,1.066,0,2.51468e+04,5.38742e+00,14.686161,1.01138e+04,1.57680e+01,15.326258,2.17646e+04,13.903518,1.268,1.422740,,,0,,,140250649008459287,1237660751945465872,,585042056,0.002765,0.003263,0.003848,14.686161,0.002765,2.51468e+04,0.007,0.5085,0.3437,0.1642
1.441753,64.918333,27.016667,22,041940.4+270100,w,,,12.81,0.06,,11.95,0.05,,11.15,0.06,,10.25,0.06,,6.69,0.05,>,1.63,,>,0.34,,,no,no,yes-faint,yes,,1,,B-,yso,embedded,I,,,,,,,pending followup,"g,l",64.9183,27.0167,64.91873051365,27.01685402560,0.0111250,0.0068012,79.57,150851384721524352,64.91872728777,0.4739,27.01685181298,0.2431,-0.0074,0.5795,-0.0129,0.816,-0.647,0.682,-0.498,0.442,391,1.6087,458.42,1.280,1.866e+00,95,1.2966,0.0794,15,1.058,0,2.42969e+02,9.15121e-01,19.723490,9.62540e+01,6.97951e+00,20.379995,2.99326e+02,18.557535,1.628,1.822460,,,0,,,140420649186980822,1237660751945466496,,,0.004931,0.078778,0.031815,19.717652,0.004913,2.44279e+02,0.317,11.0104,6.9853,0.1794
1.702973,64.9225,27.268611,23,041941.4+271607,P,HH390 star,,11.25,0.05,,10.42,0.05,,9.87,0.05,,9.32,0.05,,3.23,0.04,,-0.79,0.22,,-3.01,0.22,yes,yes,yes,yes,yes,,1,2MASS J04194148+2716070,A,yso,class II,I,<M0,,5.5,-1.7,,0.87,"probable,new member","c,l",64.9225,27.2686,64.92302145591,27.26851646565,0.0147118,0.0065581,70.74,152369363602979200,64.92302145591,14.0560,27.26851646565,7.8661,,,,,,,,,277,95.6722,14158.57,67.156,5.422e+02,3,,,11,,0,8.90423e+01,2.54818e+00,20.813377,1.14085e+02,1.02744e+01,20.195470,1.00693e+03,17.240396,12.590,2.955074,,,0,,,140720649229222844,,,587042711,0.031193,0.097821,0.025654,20.813377,0.031193,8.90423e+01,11.115,14.0560,7.8661,0.4884
0.552630,65.067083,28.358889,25,042016.1+282132,M,,,11.86,0.05,,11.48,0.05,,11.13,0.06,,10.57,0.06,,8.23,0.08,>,1.07,,>,-0.28,,,yes,no,yes-faint,yes,,1,,A+,yso,class II,II,M6e,-133.1,0.2,-2.1,,0.13,new member,"b,c,f,k",65.0671,28.3589,65.06714497613,28.35903249338,0.0036935,0.0020217,87.51,164593115404749440,65.06718826779,0.1391,28.35892031483,0.0719,7.6169,0.1562,48.7656,26.656,8.572,0.229,-25.240,0.128,551,3.1718,884.27,0.699,8.137e+00,95,1.1792,0.0238,15,1.097,0,1.33790e+03,2.95860e+00,17.871307,9.21400e+01,5.67118e+00,20.427422,2.29003e+03,16.348291,1.781,4.079130,,,0,,,142030650671531302,1237660554376381085,,592040786,0.003655,0.066885,0.008683,17.845716,0.003618,1.36981e+03,0.150,3.6910,2.0262,0.0555
0.959421,65.1075,28.323056,27,042025.8+281923,M,,,9.19,0.05,,8.52,0.05,,7.92,0.05,,7.12,0.05,,3.78,0.04,,1.92,0.22,>,-1.07,,yes,yes,yes,yes,yes,,1,,A+,yso,class II,flat,M4e,-102.2,11.2,-1.5,,0.71,new member,"b,c,f,k,l",65.1075,28.3231,65.10764966351,28.32328766380,0.0065459,0.0036229,88.26,164546038266077824,65.10769862890,0.2817,28.32317240347,0.1401,7.0505,0.3212,21.9497,27.688,9.698,0.402,-25.934,0.228,542,5.5240,762.10,0.971,3.496e+00,95,1.4938,0.0462,14,1.173,0,4.37841e+02,6.09687e+00,19.084076,1.00476e+02,6.03932e+00,20.333384,6.34030e+02,17.742622,1.678,2.590761,,,0,,,141980651076828400,1237660554376381051,,592040827,0.015368,0.065320,0.050045,19.064855,0.015107,4.45662e+02,0.257,6.5438,3.6266,0.0379
1.376252,65.1075,28.278056,28,042025.8+281641,w,,,9.45,0.05,,9.39,0.05,,9.31,0.05,,9.31,0.05,,8.81,0.09,>,1.13,,>,-0.54,,,no,yes,no,no,,1,,B,yso,star,III,G2:,3.1,1.0,-0.2,,1.6E-4,needs add'l followup,b,65.1075,28.2781,65.10787152263,28.27825373149,0.0003486,0.0002079,83.71,164545351071767168,65.10786786912,0.0161,28.27817730345,0.0076,5.9413,0.0182,325.8082,17.212,-0.724,0.021,-17.196,0.013,529,7.5953,1118.47,0.081,1.308e+01,31,,,15,1.243,0,2.34805e+05,6.10526e+01,12.260599,8.40357e+04,7.08568e+01,13.027383,2.19703e+05,11.393308,1.294,1.634075,6.85,0.90,24,5500.0,3.5,,1237660554376380452,,592040828,0.002770,0.002937,0.003823,12.260599,0.002770,2.34805e+05,0.007,0.3473,0.2101,0.1169
1.368547,65.108333,28.068889,29,042026.0+280408,M,,,9.4,0.05,,9.03,0.05,,8.61,0.05,,7.02,0.05,,3.26,0.04,,0.85,0.22,>,0.42,,yes,yes,yes,yes,yes,,1,,A+,yso,class II,II,M2,-5.3,0.0,-0.7,,0.26,new member,"b,c,f,k,l",65.1083,28.0689,65.10860992365,28.06918021714,0.0003621,0.0002322,74.16,164445437248152832,65.10865183708,0.0167,28.06906506380,0.0088,7.8110,0.0187,417.1575,27.213,8.321,0.022,-25.910,0.015,515,5.4629,669.93,0.062,3.899e+00,31,,,17,1.175,0,7.83614e+04,5.52598e+01,13.452111,1.48925e+04,4.07407e+01,14.906120,9.81713e+04,12.267935,1.443,2.638186,,,0,,,141680651085523457,1237660554376249457,,591042121,0.002860,0.004075,0.004107,13.452111,0.002860,7.83614e+04,0.016,0.3540,0.2443,0.2343
0.908522,65.28875,27.843333,30,042109.3+275036,M,,,9.96,0.05,,9.78,0.05,,9.6,0.05,,9.22,0.05,,7.17,0.05,>,1.53,,>,-1.65,,,yes,yes,yes,yes,,1,,A+,yso,class II,III,M3-4e,-17.6,0.0,-1.0,,0.02,new member,"b,c,f,k,l",65.2887,27.8433,65.28896570049,27.84349826317,0.0009114,0.0005607,79.70,152416436443721728,65.28900585646,0.0408,27.84337955292,0.0202,7.6770,0.0450,170.6899,27.879,7.989,0.056,-26.710,0.036,531,14.4356,1322.64,0.265,2.010e+01,31,,,17,1.476,0,1.83750e+04,1.37128e+01,15.026796,2.57628e+03,3.44331e+01,16.811058,3.34461e+04,13.437032,1.960,3.374026,,,0,,,141410652889612731,1237660554376184040,,590043441,0.002872,0.014777,0.004585,15.026796,0.002872,1.83750e+04,0.425,0.9023,0.5753,0.1750
1.021461,65.28875,27.843333,30,042109.3+275036,M,,,9.96,0.05,,9.78,0.05,,9.6,0.05,,9.22,0.05,,7.17,0.05,>,1.53,,>,-1.65,,,yes,yes,yes,yes,,1,,A+,yso,class II,III,M3-4e,-17.6,0.0,-1.0,,0.02,new member,"b,c,f,k,l",65.2887,27.8433,65.28891566296,27.84357600312,0.0002853,0.0000879,60.46,152416436441091584,65.28891566296,0.2519,27.84357600312,0.1601,,,,,,,,,391,19.8802,1242.29,0.699,2.808e+01,3,,,8,,0,4.53505e+03,1.88442e+01,16.545912,,,,,,,,,,0,,,,1237660554376184040,,,0.005286,,,16.545912,0.005286,4.53505e+03,,0.2519,0.1601,0.7834
1.534682,65.295417,25.883056,31,042110.9+255259,w,V412 Tau,<,6.62,,<,6.1,,,5.37,0.05,,5.17,0.05,,4.33,0.04,>,1.21,,>,0.02,,,yes,yes,,,,1,V412 Tau,B,,,III,A1,9.2,8.3,2.1,,7.1E-5,needs add'l followup,"b,l",65.2954,25.8831,65.29579944256,25.88330767913,0.0015741,0.0010572,77.34,150529811929875328,65.29580477961,0.0705,25.88329763738,0.0390,0.6991,0.0729,9.5895,2.504,1.080,0.096,-2.259,0.068,406,7.2471,19862.40,0.581,5.566e+02,31,,,17,1.266,0,4.69173e+05,3.22082e+03,11.509034,1.78721e+04,5.45374e+02,14.708104,7.90781e+05,10.002755,1.724,4.705349,,,0,,,139060652957970551,,,580040641,0.007946,0.033249,0.017781,11.509034,0.007946,4.69173e+05,0.005,1.5532,1.0877,0.1722
0.635796,65.398333,25.643056,32,042135.6+253835,p,,,12.22,0.05,,12.18,0.06,,12.15,0.06,,11.5,0.06,,9.44,0.25,>,1.01,,>,-0.28,,,yes,no,no,no,,1,,B,not yso,star,III,F6-G0,3.1,1.2,-1.2,,0.0043,"possible,new member","b,n",65.3983,25.6431,65.39837280401,25.64322892626,0.0006115,0.0003940,94.62,150474870708253568,65.39837789386,0.0250,25.64319753549,0.0145,0.6728,0.0280,24.0140,7.138,1.032,0.038,-7.063,0.025,365,4.8625,512.65,0.105,4.959e+00,31,,,16,1.186,0,3.45029e+04,6.81036e+00,14.342729,1.56127e+04,1.46496e+01,14.854849,2.75779e+04,13.646492,1.252,1.208357,,,0,,,138770653983892411,1237660751408005438,,579040528,0.002764,0.002970,0.003851,14.342729,0.002764,3.45029e+04,0.014,0.6104,0.3958,-0.0727
0.172382,65.442917,24.418056,33,042146.3+242505,w,,,7.73,0.05,,7.8,0.05,,7.57,0.05,,7.43,0.05,,6.71,0.05,>,1.19,,>,1.12,,,yes,yes,no,no,,1,,B+,yso,star,III,M3,0.0,2.9,0.1,<,2.3E-4,needs add'l followup,"b,k",65.4429,24.4181,65.44289818328,24.41810071353,0.0007428,0.0004459,96.14,149492147830467968,65.44290227555,0.0302,24.41810269977,0.0163,0.2284,0.0343,6.6565,0.950,0.838,0.046,0.447,0.028,377,4.1542,2637.78,0.230,6.334e+01,31,,,17,1.155,0,1.46153e+05,4.00268e+02,12.775344,1.64073e+04,3.22553e+02,14.800948,2.07860e+05,11.453467,1.534,3.347481,-26.28,0.59,15,4000.0,3.0,137300654429102295,1237660758924197917,,573039010,0.004054,0.021526,0.009124,12.775344,0.004054,1.46153e+05,0.003,0.7400,0.4504,-0.1125
0.785404,65.50375,23.908333,35,042200.9+235430,w,,,7.74,0.05,,7.85,0.05,,7.66,0.05,,7.53,0.05,,7.01,0.05,>,1.24,,>,0.68,,,no,yes,no,no,,1,,B+,yso,star,III,M3,0.0,3.7,0.2,<,4.6E-5,needs add'l followup,"b,k,l",65.5037,23.9083,65.50398742336,23.90835504510,0.0005103,0.0003292,69.02,149271283433272320,65.50398878671,0.0229,23.90834808099,0.0134,0.1968,0.0261,7.5335,1.592,0.280,0.030,-1.567,0.023,400,1.3711,1773.72,0.174,4.454e+01,31,,,18,1.048,0,2.16720e+05,1.03678e+03,12.347617,3.17432e+04,7.76136e+02,14.084416,2.88178e+05,11.098743,1.476,2.985673,-12.61,1.00,12,4000.0,3.0,,1237660751407284294,,570037689,0.005880,0.026693,0.013413,12.347617,0.005880,2.16720e+05,-0.003,0.4908,0.3576,0.2896
1.195963,65.55375,25.783056,36,042212.9+254659,w,,,12.58,0.05,,11.84,0.05,,11.2,0.06,,10.36,0.06,,7.24,0.05,>,1.21,,>,-0.14,,,no,no,yes-faint,yes,,1,,B-,yso,class II,flat,,,,,,,pending followup,"e,l",65.5537,25.7831,65.55401401801,25.78328804999,0.0094994,0.0052655,70.39,150477683908962048,65.55401584092,0.3831,25.78328981911,0.2153,0.2211,0.4118,0.5370,0.543,0.369,0.564,0.398,0.370,399,3.9001,543.14,1.549,4.415e+00,95,1.3438,0.0703,16,1.141,0,3.17258e+02,2.61917e+00,19.433834,1.19297e+02,8.10190e+00,20.146970,4.76329e+02,18.053127,1.877,2.093844,,,0,,,138940655540210504,1237660760534811648,,579040717,0.009377,0.073789,0.023265,19.423385,0.009295,3.20326e+02,0.529,9.1212,5.8965,0.3675
1.207952,65.565,26.951667,37,042215.6+265706,M,2MASS J04221568+2657060,,11.12,0.05,,10.55,0.05,,10.2,0.06,,9.75,0.05,,3.81,0.04,,-0.51,0.22,>,-1.95,,yes,yes,yes-faint,yes,yes,,1,2MASS J04221568+2657060,A+,yso,class II,I,K8-M0,-7.8,4.5,-1.5,,0.65,new member,"b,c,f,g,h,i,l",65.565,26.9517,65.56536887732,26.95173386126,0.0109470,0.0066576,94.36,152293359861143040,65.56542705251,0.4798,26.95164042001,0.2536,3.3268,0.5278,6.3026,24.045,11.668,0.685,-21.024,0.426,486,88.5659,12281.33,3.686,2.833e+02,95,1.4416,0.0682,16,4.952,0,1.81976e+03,8.92060e+00,17.537329,7.00636e+02,1.15598e+01,18.224812,4.22181e+03,15.684148,2.705,2.540664,,,0,,,140340655654012537,1237660553838919985,,585042647,0.005993,0.018130,0.006937,17.518968,0.005914,1.85080e+03,1.292,10.9270,6.6902,-0.0782
0.755363,65.587083,26.713333,38,042220.9+264248,w,,,13.63,0.06,,12.59,0.06,,11.64,0.06,,10.56,0.06,,6.95,0.05,>,1.51,,>,-3.74,,,no,no,yes-faint,no,,1,,A,yso,embedded,I,,,,,,,pending followup,,65.5871,26.7133,65.58704823358,26.71354051217,0.0127773,0.0076217,89.10,152092729051743872,65.58705614528,0.5150,26.71354271360,0.2581,-0.3906,0.6040,-0.6467,1.665,1.590,0.795,0.495,0.483,528,0.6967,568.90,0.000,0.000e+00,95,1.4182,0.0812,15,1.021,0,1.94757e+02,7.17690e-01,19.963633,7.52772e+01,5.43414e+00,20.646885,1.83259e+02,19.090230,1.327,1.556654,,,0,,,140050655870316795,1237660553838789037,,,0.004858,0.078427,0.045358,19.961779,0.004852,1.95090e+02,0.050,12.7762,7.6234,0.0169
1.082141,65.699167,26.764722,39,042247.8+264553,M,IRAS04196+2638,,8.07,0.05,,7.55,0.05,,7.14,0.05,,6.28,0.05,,3.23,0.04,,0.96,0.22,>,-0.49,,yes,yes,yes,yes,yes,"g,i",1,IRAS F04196+2638,A+,yso,class II,II,M1,,6.9,-0.4,,0.24,new member,"d,f,l",65.6992,26.7647,65.69950137604,26.76468701631,0.0013006,0.0008196,77.24,152098299625634816,65.69955909286,0.0581,26.76460968539,0.0317,6.4448,0.0629,102.3914,20.909,11.595,0.079,-17.399,0.054,487,6.2313,901.59,0.309,1.103e+01,31,,,17,1.207,0,7.85112e+03,6.20161e+01,15.950038,9.50051e+02,3.46350e+01,17.894175,1.15282e+04,14.593493,1.589,3.300681,,,0,,,140110656995238133,1237660553838788867,,584043272,0.009008,0.039680,0.024122,15.950038,0.009008,7.85112e+03,0.064,1.2814,0.8494,0.2018
0.362247,65.7275,28.398333,40,042254.6+282354,P,NSV 1577,,7.39,0.05,,7.38,0.05,,7.32,0.05,,7.23,0.05,,4.81,0.04,,0.96,0.22,>,-1.02,,yes,yes,yes,no,no,,1,NSV 1577,A,yso,star,II,A0,10.0,1.5,1.4,,6.0E-4,"probable,new member","b,m",65.7275,28.3983,65.72761004609,28.39836046522,0.0004465,0.0002989,72.34,164559030544339584,65.72753224548,0.0208,28.39833675794,0.0122,5.4460,0.0215,253.3101,16.296,-15.399,0.027,-5.334,0.020,338,2.3627,903.81,0.117,1.380e+01,31,,,17,1.092,0,7.97289e+06,1.63299e+03,8.433328,4.63089e+06,1.41458e+03,8.674381,4.90068e+06,8.022254,1.195,0.652127,,,0,,,,1237660553839509647,,592041591,0.002764,0.002810,0.003795,8.433328,0.002764,7.97289e+06,0.007,0.4350,0.3154,0.2319
1.184797,65.775,28.021944,41,042306.0+280119,M,J04230607+2801194,,10.62,0.05,,10.31,0.05,,9.94,0.06,,9.34,0.05,,6.43,0.05,>,0.64,,>,0.31,,,yes,yes,yes,yes,i,1,2MASS J04230607+2801194,A+,yso,class II,II,M6,,0.0,-1.5,,0.1,new member,"f,l",65.775,28.0219,65.77533016441,28.02209685839,0.0017990,0.0011368,97.21,152516079683687680,65.77537447009,0.0752,28.02197987319,0.0394,7.7184,0.0821,94.0169,27.754,8.800,0.113,-26.322,0.073,282,0.8612,513.16,0.348,8.971e+00,31,,,16,1.036,0,6.34386e+03,1.44439e+01,16.181484,4.82678e+02,2.20822e+01,18.629398,1.01637e+04,14.730261,1.678,3.899138,,,0,,,141620657753036966,1237660750872183017,,591043002,0.003702,0.049750,0.006248,16.181484,0.003702,6.34386e+03,0.071,1.7904,1.1502,-0.1175
0.766857,65.825833,26.6875,42,042318.2+264115,M,J04231822+2641156,,9.47,0.05,,9.15,0.05,,8.81,0.05,,8.1,0.05,,4.56,0.04,,1.82,0.22,>,-1.38,,yes,yes,yes,yes,yes,i,1,2MASS J04231822+2641156,A+,yso,class II,II,M3.5,,8.7,-0.6,,0.081,new member,f,65.8258,26.6875,65.82605282233,26.68758246872,0.0008113,0.0003706,79.14,152082219268562432,65.82605282233,0.7998,26.68758246872,0.3948,,,,,,,,,477,137.1916,29674.97,6.592,4.614e+02,3,,,17,,0,9.84153e+02,5.54749e+00,18.204710,6.35316e+01,6.90573e+00,20.831068,2.11684e+03,16.433676,2.215,4.397392,,,0,,,140020658260085701,1237660750871593121,,584043347,0.006712,0.118050,0.007990,18.204710,0.006712,9.84153e+02,0.540,0.7998,0.3948,0.3052
1.446572,65.897083,25.050556,44,042335.3+250302,M,FU Tau,,8.4,0.05,,7.92,0.05,,7.36,0.05,,6.71,0.05,,4.6,0.04,,2.39,0.22,>,-1.56,,yes,yes,yes,yes,yes,i,1,FU Tau,A+,yso,class II,II,M5e,-88.4,1.9,-0.7,,0.18,new member,"b,f,k,l",65.8971,25.0506,65.89746340108,25.05076264505,0.0014906,0.0009073,81.65,149629483705467008,65.89749725526,0.0657,25.05066819065,0.0343,7.8354,0.0754,103.9835,22.345,6.901,0.091,-21.252,0.058,441,4.4124,2092.25,0.482,4.909e+01,31,,,15,1.152,0,1.54273e+04,2.95973e+01,15.216642,8.36007e+02,1.06346e+01,18.033018,2.58142e+04,13.718248,1.727,4.314770,,,0,,,138060658975051370,1237660750870872136,,576039302,0.003454,0.014090,0.007237,15.216642,0.003454,1.54273e+04,0.064,1.4807,0.9234,0.1470
0.912350,65.95875,26.668333,46,042350.1+264006,w,FS 116,,10.69,0.05,,10.58,0.05,,10.47,0.06,,10.16,0.06,>,9.96,,>,1.14,,>,-1.04,,,,,yes,no,,1,FS 116,C,,star,III,G6-K2 w/Av,1.6,8.2,-0.6,<,0.0011,needs add'l followup,"b,o",65.9587,26.6683,65.95880497160,26.66858162401,0.0021129,0.0013787,85.44,152082803383627904,65.95884101694,0.0946,26.66858529597,0.0512,0.6931,0.1009,6.8681,7.294,7.247,0.131,0.826,0.087,438,0.9708,550.49,0.326,2.847e+00,31,,,17,1.032,0,2.20191e+03,2.10709e+00,17.330368,2.19718e+02,9.11917e+00,19.483881,3.25755e+03,15.965667,1.579,3.518214,,,0,,,140000659588512860,1237660750871593069,,584043391,0.002945,0.045149,0.006875,17.330368,0.002945,2.20191e+03,0.023,2.1091,1.3846,0.0695
0.939031,65.983333,24.451389,47,042356.0+242705,w,HD 283663,,9.42,0.05,,9.39,0.05,,9.34,0.05,,9.32,0.05,,8.3,0.09,>,1.09,,>,-0.71,,,yes,yes,no,no,,1,HD 283663,B,yso,star,III,A1,6.0,1.6,0.3,,1.2E-4,needs add'l followup,"b,n",65.9833,24.4514,65.98361706839,24.45142319348,0.0004149,0.0002780,78.67,149319318347334272,65.98363055273,0.0175,24.45138806647,0.0102,3.7639,0.0190,197.6809,8.372,2.762,0.025,-7.904,0.018,422,8.0490,1620.46,0.125,2.871e+01,31,,,17,1.290,0,8.40209e+05,3.57757e+02,10.876399,4.39493e+05,5.61271e+02,11.231162,5.79668e+05,10.339948,1.213,0.891214,31.33,7.79,16,6750.0,4.5,137340659834402293,1237660758924394627,,573039570,0.002794,0.003116,0.003899,10.876399,0.002794,8.40209e+05,0.006,0.4105,0.2845,0.1565
0.392366,65.994167,24.795,48,042358.6+244742,w,,,10.91,0.05,,10.88,0.05,,10.86,0.06,,10.24,0.06,>,9.92,,>,1.28,,>,0.82,,,,,yes,no,,1,,B-,,star,III,K2,2.5,0.0,-1.0,,0.0052,needs add'l followup,b,65.9942,24.795,65.99413788998,24.79510573818,0.0074906,0.0051932,87.03,149609623776702464,65.99419447906,0.3460,24.79506375635,0.2027,0.5899,0.4086,1.4436,14.928,11.559,0.466,-9.446,0.329,418,313.5974,228634.45,3.116,7.412e+03,31,,,17,23.799,0,7.12414e+04,1.85157e+02,13.555536,3.01390e+04,2.93239e+01,14.140718,6.98884e+04,12.636883,1.404,1.503836,,,0,,,137750659942194649,1237660750870806693,,574039646,0.003944,0.002983,0.003799,13.555536,0.003944,7.12414e+04,0.133,7.4854,5.2007,0.0387
0.070213,66.087083,26.514167,49,042420.9+263051,M,J04242090+2630511,,11.83,0.05,,11.45,0.05,,11.0,0.06,,10.4,0.06,,7.46,0.06,>,1.13,,>,-3.45,,,yes,no,yes-faint,yes,i,1,2MASS J04242090+2630511,A+,yso,class II,II,M6.5,,0.3,-1.9,,0.12,new member,"f,l",66.0871,26.5142,66.08707232495,26.51418400419,0.0031016,0.0018559,70.73,152029992465874560,66.08712011529,0.1260,26.51406309032,0.0667,7.7868,0.1350,57.6855,28.857,9.622,0.185,-27.206,0.128,392,0.6787,549.02,0.399,3.075e+00,31,,,17,1.024,0,1.71395e+03,6.53259e+00,17.602370,1.41392e+02,9.23317e+00,19.962480,2.74561e+03,16.151297,1.684,3.811184,,,0,,,139810660871287492,1237660553301852363,,583042983,0.004972,0.070956,0.016315,17.602370,0.004972,1.71395e+03,0.089,2.9912,2.0290,0.3170
0.390972,66.096667,26.835556,50,042423.2+265008,p,,,9.46,0.05,,9.4,0.05,,9.32,0.05,,9.21,0.05,,7.87,0.07,>,0.82,,>,-0.57,,,yes,yes,no,no,,1,,A,yso,star,III,M3,-4.7,1.3,-0.7,,0.0019,"possible,new member","b,k,l",66.0967,26.8356,66.09671776940,26.83565470373,0.0010582,0.0007421,78.21,152109054223716480,66.09677518406,0.0471,26.83557460507,0.0266,6.5049,0.0512,126.9603,21.393,11.527,0.065,-18.022,0.048,413,35.6780,2759.39,0.377,7.556e+01,31,,,17,2.480,0,4.09120e+04,1.26489e+02,14.157740,6.04258e+03,9.55104e+01,15.885487,5.55143e+04,12.886884,1.505,2.998603,,,0,,,140200660967823292,1237660553301983557,,585043191,0.004343,0.017387,0.010172,14.157740,0.004343,4.09120e+04,0.024,1.0469,0.7580,0.1435
0.556500,66.314583,28.490833,51,042515.5+282927,M,,,9.89,0.05,,9.79,0.05,,9.71,0.05,,9.71,0.05,,9.31,0.2,>,0.81,,>,-0.24,,,yes,no,no,no,,1,,A+,yso,star,III,M6e,-23.5,0.0,-1.1,<,1.9E-4,new member,"b,k,l",66.3146,28.4908,66.31462139501,28.49098385528,0.0014546,0.0010787,69.88,152917298349085824,66.31467674263,0.0647,28.49087173184,0.0444,7.2018,0.0739,97.4503,27.500,10.945,0.088,-25.228,0.071,256,7.9120,1267.24,0.488,3.888e+01,31,,,16,1.372,0,1.52983e+04,1.95393e+01,15.225758,9.96539e+02,1.11608e+01,17.842306,2.43780e+04,13.780402,1.659,4.061904,,,0,,,142180663146409665,1237660750335509023,,593043353,0.003085,0.012476,0.005425,15.225758,0.003085,1.52983e+04,0.030,1.4153,1.1298,0.1924
1.366148,66.3275,25.926389,52,042518.6+255535,w,,<,6.62,,,6.61,0.05,,6.39,0.05,,6.24,0.05,,5.62,0.04,>,1.05,,>,0.28,,,yes,yes,no,,h,1,,B,,,III,M5,0.0,3.7,0.5,<,1.3E-4,needs add'l followup,"b,e,k",66.3275,25.9264,66.32775779180,25.92668942723,0.0009220,0.0006095,71.54,151243356318466816,66.32776085955,0.0426,25.92668553298,0.0234,0.3740,0.0482,7.7621,1.074,0.621,0.056,-0.876,0.041,393,-2.6167,5208.36,0.330,1.596e+02,31,,,16,0.907,0,2.33287e+05,1.92057e+03,12.267640,1.37654e+04,6.61798e+02,14.991569,3.77181e+05,10.806522,1.676,4.185046,,,0,,,139110663276302452,1237660750334394505,,580041844,0.009354,0.052273,0.023624,12.267640,0.009354,2.33287e+05,0.030,0.8956,0.6477,0.2478
1.258301,66.329583,23.787778,53,042519.1+234716,w,HD 27923,,7.64,0.05,,7.63,0.05,,7.64,0.05,,7.65,0.05,,7.01,0.05,>,1.03,,>,-1.61,,,no,yes,no,no,,1,HD 27923,B-,yso,star,III,B9,8.6,0.1,1.2,,4.0E-5,needs add'l followup,"b,m,n",66.3296,23.7878,66.32985751328,23.78802104810,0.0012687,0.0008425,85.50,149222458245146112,66.32988097182,0.0546,23.78797392899,0.0306,4.6961,0.0596,78.7637,11.650,4.830,0.079,-10.602,0.053,443,26.7454,5669.15,0.468,1.575e+02,31,,,17,2.028,1,1.12308e+07,2.70577e+03,8.061336,7.50432e+06,3.48930e+03,8.150264,5.69800e+06,7.858589,1.176,0.291675,,,0,,,,1237660750333476947,,569038538,0.002768,0.002835,0.003798,8.061336,0.002768,1.12308e+07,0.009,1.2665,0.8458,0.0657
0.955717,66.495,27.616944,54,042558.8+273701,w,HD 283637,,9.13,0.05,,9.11,0.05,,9.04,0.05,,9.06,0.05,,8.43,0.1,>,1.01,,>,-2.68,,,no,yes,no,no,,1,HD 283637,B-,yso,star,III,B9,7.0,2.1,0.6,,3.5E-5,needs add'l followup,"b,n",66.495,27.6169,66.49527399316,27.61705141414,0.0004530,0.0002962,101.53,152266078227690752,66.49527043908,0.0177,27.61702221952,0.0108,2.3317,0.0189,123.0785,6.607,-0.709,0.028,-6.569,0.019,265,0.2067,715.17,0.105,1.386e+01,95,1.4956,0.0035,15,1.008,0,7.46218e+05,1.96275e+02,11.005203,3.52235e+05,2.01003e+02,11.471461,5.72736e+05,10.353009,1.240,1.118452,,,0,,,,1237660552765440127,,589044878,0.002770,0.002858,0.003793,11.005203,0.002770,7.46218e+05,0.011,0.4478,0.3040,-0.1691
0.104572,66.8375,24.141389,56,042721.0+240829,w,,,13.3,0.14,,13.08,0.06,,13.11,0.08,,12.64,0.09,>,9.71,,>,1.0,,>,0.59,,,,,no,yes,,1,,C-,,star,III,G6,2.8,0.2,-1.8,,0.0042,needs add'l followup,"b,j,n",66.8375,24.1414,66.83751473881,24.14141474649,0.0008308,0.0005625,74.39,149326190294201088,66.83753372681,0.0349,24.14139386900,0.0197,0.5809,0.0408,14.2395,6.105,3.899,0.050,-4.697,0.037,462,-0.6119,488.01,0.000,0.000e+00,95,1.4274,0.0063,17,0.979,0,1.01326e+04,2.97611e+00,15.673065,4.16813e+03,9.59762e+00,16.288689,8.70461e+03,14.898522,1.270,1.390166,,,0,,,136970668375330277,,,571039523,0.002774,0.003746,0.004460,15.673315,0.002774,1.01303e+04,0.013,0.8144,0.5861,0.2030
0.466428,66.867083,26.389722,57,042728.1+262323,w,,,12.75,0.08,,12.58,0.06,,12.51,0.06,,11.83,0.2,,10.17,0.26,>,0.92,,>,-2.33,,,yes,no,no,yes,,1,,C+,not yso,star,III,K1 w/ Av,1.3,0.0,-1.6,,0.007,needs add'l followup,"b,n",66.8671,26.3897,66.86720875584,26.38978600334,0.0007116,0.0005061,62.01,151286482086624256,66.86721258687,0.0330,26.38976276286,0.0213,0.6309,0.0378,16.6875,5.286,0.772,0.042,-5.229,0.035,245,-1.2321,218.68,0.000,0.000e+00,31,,,15,0.943,0,1.46074e+04,5.27703e+00,15.275937,5.37890e+03,1.55483e+01,16.011808,1.34283e+04,14.427845,1.288,1.583963,,,0,,,139660668671678363,1237660559745417235,,582042980,0.002783,0.004199,0.003932,15.275937,0.002783,1.46074e+04,0.007,0.6718,0.5579,0.2767
0.547035,67.043333,24.598056,59,042810.4+243553,w,,,13.55,0.06,,12.53,0.06,,11.63,0.06,,10.54,0.08,,7.49,0.06,>,1.05,,,,,,,no,yes-faint,no,,0,,C,not yso,embedded,flat,,,,,,,pending followup,,67.0433,24.5981,67.04331828003,24.59820736350,0.0391211,0.0152811,54.60,149377828684036736,67.04331543137,1.2465,24.59820973965,0.7501,2.8053,1.3511,2.0762,0.791,-0.583,2.100,0.535,1.646,227,-0.8452,218.85,0.000,1.352e-15,95,1.2649,0.1795,13,0.959,0,1.12219e+02,8.85508e-01,20.562200,5.27783e+01,7.38916e+00,21.032404,1.10278e+02,19.641668,1.453,1.390736,,,0,,,137510670433138465,1237660557597999441,,,0.009000,0.152033,0.099254,20.562426,0.009001,1.12196e+02,0.196,33.0961,25.8576,0.7156
0.842283,67.239167,24.601944,60,042857.4+243607,w,,,10.4,0.05,,10.38,0.05,,10.25,0.06,,10.2,0.06,,8.88,0.14,>,1.1,,>,1.85,,,yes,no,no,no,,1,,A,yso,star,III,,,,,,,pending followup,c,67.2392,24.6019,67.23937426011,24.60208266897,0.0020692,0.0015734,91.74,149371304630240640,67.23938224063,0.0892,24.60207467828,0.0585,0.3545,0.0994,3.5651,2.429,1.633,0.129,-1.798,0.099,253,-0.1838,298.29,0.193,7.853e-01,31,,,15,0.990,0,2.24387e+03,2.58560e+00,17.309875,2.04655e+02,8.45946e+00,19.560990,3.37727e+03,15.926482,1.596,3.634507,,,0,,,137520672392913028,1237660557598064738,,574040403,0.003026,0.044966,0.005411,17.309875,0.003026,2.24387e+03,0.024,2.0688,1.5739,-0.0168
1.380532,67.262083,24.527778,61,042902.9+243140,w,,,7.78,0.05,,7.68,0.05,,7.5,0.05,,7.46,0.05,,7.4,0.06,>,1.05,,>,-1.56,,,yes,no,no,no,,1,,C-,yso,star,III,,,,,,,pending followup,c,67.2621,24.5278,67.26250027402,24.52783228666,0.0035716,0.0026893,86.47,149367830000033536,67.26250542898,0.1719,24.52783730581,0.1072,1.8770,0.1854,10.1222,1.546,1.055,0.222,1.129,0.169,235,7.5144,786.36,1.086,2.258e+01,95,1.1238,0.0365,16,1.369,0,2.05104e+03,3.80376e+00,17.407433,6.02967e+01,8.16879e+00,20.887808,3.87041e+03,15.778504,1.916,5.109304,,,0,,,137430672624083970,1237660758924918926,,573040555,0.003413,0.147118,0.007368,17.381842,0.003385,2.09996e+03,0.141,3.5687,2.6932,0.0353
0.415589,67.3175,28.940833,63,042916.2+285627,w,HD 283629,,9.2,0.05,,9.19,0.05,,9.16,0.06,,9.11,0.05,,8.55,0.11,>,1.09,,,,,,no,yes,no,no,,1,HD 283629,B+,yso,star,III,G6,2.5,0.5,-0.1,,1.5E-4,needs add'l followup,b,67.3175,28.9408,67.31762389327,28.94087264194,0.0014826,0.0010831,87.19,153001307909276928,67.31758578311,0.0780,28.94089694741,0.0479,6.4959,0.0888,73.1691,9.285,-7.504,0.092,5.469,0.068,244,36.4579,7724.38,0.595,3.642e+02,31,,,15,3.067,0,5.12592e+05,3.94291e+02,11.412937,2.64448e+05,5.43437e+02,11.782690,4.67261e+05,10.573997,1.427,1.208694,,,0,,,,,,595046381,0.002879,0.003573,0.004135,11.412937,0.002879,5.12592e+05,0.190,1.4818,1.0842,0.0312
0.511132,67.336667,27.701944,64,042920.8+274207,p,IRAS 04262+2735,,6.67,0.05,,6.59,0.05,,6.22,0.05,,5.04,0.05,,3.02,0.04,>,1.01,,>,-0.85,,,yes,yes,yes,no,g,1,IRAS 04262+2735,A,yso,class II,II,M6,0.0,4.0,0.4,,0.04,"possible,new member","b,c,d,e,k,o",67.3367,27.7019,67.33680213772,27.70202043936,0.0009490,0.0007080,74.30,152584519986221696,67.33680707687,0.0427,27.70201452315,0.0311,0.2987,0.0485,6.1649,1.655,0.984,0.058,-1.331,0.045,272,3.5955,4714.91,0.379,1.408e+02,31,,,16,1.158,0,1.53309e+05,6.36346e+02,12.723447,8.24355e+03,1.33348e+02,15.548257,2.39960e+05,11.297550,1.619,4.250707,,,0,,,141240673367902992,,,589045914,0.005282,0.017783,0.013465,12.723447,0.005282,1.53309e+05,-0.036,0.9334,0.7283,0.1530
1.062101,67.4,24.598611,66,042936.0+243555,M,J04293606+2435556,,8.04,0.05,,7.72,0.05,,7.47,0.05,,6.98,0.05,,4.19,0.04,,1.21,0.22,>,-1.75,,yes,yes,yes,yes,yes,i,1,2MASS J04293606+2435556,A+,yso,class II,II,M3,,6.6,-0.1,,0.048,new member,"f,g,h,l",67.4,24.5986,67.40026987264,24.59877479842,0.0007705,0.0005629,86.24,149369139966814976,67.40031209025,0.0330,24.59868306096,0.0211,7.6281,0.0366,208.4239,22.375,8.637,0.048,-20.641,0.035,273,2.2059,529.29,0.181,8.245e+00,31,,,15,1.095,0,2.30504e+04,2.77087e+02,14.780668,2.65508e+03,8.46206e+01,16.778347,3.28994e+04,13.454926,1.542,3.323422,,,0,,,137510674003179036,1237660557598130213,,573040571,0.013339,0.034716,0.039654,14.780668,0.013339,2.30504e+04,0.014,0.7697,0.5639,0.0418
1.182952,67.457917,28.714722,67,042949.9+284253,w,,,13.25,0.06,,12.57,0.06,,11.82,0.06,,10.79,0.06,,7.46,0.06,>,1.12,,>,-0.7,,,no,no,no,yes,,1,,C-,not yso,class II,flat,,,,,,,pending followup,,67.4579,28.7147,67.45828925548,28.71475927658,0.0116893,0.0062429,61.32,152982959808341504,67.45829158788,0.4024,28.71476347724,0.2629,0.1144,0.4709,0.2430,1.051,0.460,0.669,0.945,0.491,254,-2.2541,230.50,0.000,0.000e+00,95,1.1517,0.0831,15,0.899,0,2.24017e+02,5.74549e+00,19.811665,7.15673e+01,7.87666e+00,20.701756,2.52679e+02,18.741472,1.447,1.960283,,,0,,,142450674582588257,,,,0.027982,0.119528,0.082803,19.803533,0.027776,2.25701e+02,0.118,10.6841,7.8397,0.4909
0.757332,67.519583,28.551667,68,043004.7+283306,w,,,9.47,0.05,,9.51,0.05,,9.48,0.05,,9.37,0.05,,8.63,0.12,>,0.95,,>,-2.55,,,no,yes,no,no,,1,,B+,yso,star,III,K2,1.6,1.3,-0.4,,3.6E-4,needs add'l followup,b,67.5196,28.5517,67.51966330201,28.55186519231,0.0003085,0.0002359,67.95,152698907851726208,67.51966450702,0.0146,28.55184582432,0.0098,0.7606,0.0161,47.3351,4.364,0.238,0.018,-4.358,0.015,259,-1.3632,356.08,0.054,2.824e+00,31,,,16,0.939,0,1.32370e+05,2.81337e+01,12.882894,3.78561e+04,2.83812e+01,13.893201,1.38793e+05,11.891974,1.335,2.001227,-22.36,0.58,10,5000.0,3.0,142260675196462799,,,593044974,0.002765,0.002906,0.003801,12.882894,0.002765,1.32370e+05,-0.001,0.2994,0.2474,0.1859
0.739879,67.600417,28.321111,69,043024.1+281916,w,,,6.92,0.05,,6.92,0.05,,6.75,0.05,,6.55,0.05,,5.84,0.04,>,1.06,,>,-0.49,,,yes,yes,no,no,h,1,,B,yso,star,III,M5,0.0,5.1,0.5,<,9.6E-5,needs add'l followup,"b,e,k",67.6004,28.3211,67.60060553622,28.32123221709,0.0009543,0.0007125,78.39,152679868260888320,67.60060649118,0.0418,28.32122547819,0.0282,0.1931,0.0469,4.1164,1.528,0.189,0.059,-1.516,0.045,259,-0.0867,2925.87,0.346,1.097e+02,31,,,16,0.995,0,1.52831e+05,1.32778e+03,12.726837,9.08854e+03,4.66918e+02,15.442307,2.44100e+05,11.278975,1.657,4.163332,,,0,,,141980676006006022,,,592043931,0.009827,0.055849,0.021427,12.726837,0.009827,1.52831e+05,0.014,0.9457,0.7238,0.1161
1.468505,67.6425,25.4075,70,043034.2+252427,w,,,13.64,0.06,,13.56,0.06,,13.42,0.09,,13.38,0.13,,9.46,0.27,>,0.75,,>,-0.93,,,yes-faint,no,no,no,,1,,B+,not yso,star,II,G5-G6 w/ Av,2.7,2.3,-1.9,,0.0085,needs add'l followup,"b,n",67.6425,25.4075,67.64283826674,25.40777025342,0.0016837,0.0011498,88.48,150931958305673216,67.64284360356,0.0724,25.40776199926,0.0416,1.0090,0.0794,12.7153,2.151,1.085,0.105,-1.857,0.072,259,0.6201,280.01,0.043,6.393e-02,31,,,14,1.026,0,3.35615e+03,2.74092e+00,16.872763,1.09774e+03,1.11460e+01,17.737291,3.30051e+03,15.951442,1.311,1.785850,,,0,,,138480676427939866,1237660558672003354,,578043000,0.002894,0.011372,0.005360,16.872763,0.002894,3.35615e+03,0.004,1.6834,1.1503,0.0207
1.144494,67.678333,27.724722,71,043042.8+274329,w,,,7.07,0.05,,7.06,0.05,,6.79,0.05,,6.74,0.05,,6.17,0.05,>,0.95,,>,-1.02,,,yes,yes,no,no,i,1,,B+,yso,star,III,M6,0.0,3.6,0.1,<,3.2E-4,needs add'l followup,"b,e,k",67.6783,27.7247,67.67852470189,27.72499083872,0.0011295,0.0008944,99.37,152576587183322880,67.67852779859,0.0557,27.72498892549,0.0345,0.1432,0.0613,2.3372,0.752,0.617,0.070,-0.430,0.056,243,3.4177,3555.79,0.421,1.261e+02,31,,,15,1.159,0,1.10581e+05,3.34415e+03,13.078169,4.63372e+03,1.15837e+03,16.173717,1.91217e+05,11.544081,1.771,4.629637,,,0,,,141270676785130565,,,589046395,0.032950,0.271434,0.079543,13.078169,0.032950,1.10581e+05,0.063,1.1239,0.9014,-0.0754
1.015548,67.68625,26.552222,72,043044.7+263308,w,,,7.33,0.05,,7.35,0.05,,7.29,0.05,,7.21,0.05,,6.91,0.05,,2.29,0.22,>,-1.1,,yes,no,no,no,no,,1,,B+,yso,star,III,K3,1.1,2.2,0.5,,8.9E-4,needs add'l followup,"b,l",67.6862,26.5522,67.68650038324,26.55239350495,0.0005092,0.0003337,85.05,151347264463259008,67.68662848671,0.0226,26.55235043208,0.0136,6.2329,0.0259,240.7076,27.544,25.783,0.031,-9.691,0.021,272,3.1767,1371.00,0.158,3.313e+01,31,,,14,1.139,0,5.95884e+05,3.48394e+02,11.249462,1.41566e+05,1.48496e+02,12.461147,6.73450e+05,10.177132,1.368,2.284016,29.62,0.21,8,5000.0,3.0,,1237660761609404466,,583044475,0.002827,0.003014,0.003832,11.249462,0.002827,5.95884e+05,-0.007,0.5081,0.3353,0.0746
0.968312,67.880833,23.006944,73,043131.4+230025,w,,,10.31,0.05,,10.34,0.05,,10.31,0.06,,9.92,0.06,>,9.41,,>,0.99,,>,-0.57,,,,,yes,no,,1,,B-,,star,III,K2,1.5,1.7,-0.7,,0.0027,needs add'l followup,b,67.8808,23.0069,67.88094318821,23.00719312059,0.0006274,0.0004179,75.25,145968346205221760,67.88095694682,0.0257,23.00725675941,0.0179,4.8982,0.0300,163.4781,14.600,2.849,0.039,14.319,0.027,262,16.1308,770.47,0.165,1.466e+01,31,,,15,1.789,0,5.79537e+04,3.75278e+01,13.779665,1.71384e+04,5.01279e+01,14.753615,6.02165e+04,12.798608,1.335,1.955008,-11.73,1.79,5,4000.0,3.0,135600678808879255,,,566038030,0.002844,0.004227,0.004122,13.779665,0.002844,5.79537e+04,0.006,0.6160,0.4346,0.2014
0.724890,67.887917,29.482222,74,043133.1+292856,w,,,9.56,0.05,,9.48,0.05,,9.49,0.05,,9.47,0.05,,8.82,0.14,>,0.99,,>,1.65,,,no,yes,no,no,,1,,B-,yso,star,III,B9 w/ Av,10.7,2.6,0.5,,3.3E-5,needs add'l followup,"b,n",67.8879,29.4822,67.88807506511,29.48236901111,0.0003009,0.0002339,80.89,153046830265937280,67.88806607393,0.0138,29.48233620197,0.0093,2.4874,0.0152,163.8749,7.589,-1.761,0.019,-7.382,0.015,263,-0.3311,449.14,0.071,6.438e+00,31,,,16,0.984,0,3.40068e+05,5.99024e+01,11.858451,1.34189e+05,7.41514e+01,12.519248,2.99188e+05,11.058037,1.274,1.461211,,,0,,,,,,598048536,0.002762,0.002854,0.003814,11.858451,0.002762,3.40068e+05,0.009,0.2994,0.2358,0.0793
0.889728,67.921667,29.656111,75,043141.2+293922,w,,,12.76,0.06,,12.31,0.06,,12.65,0.07,,11.7,0.06,>,10.63,,>,1.05,,>,0.57,,,,,no,yes,,1,,C-,,star,III,K2,1.2,1.4,-1.7,,0.011,needs add'l followup,"b,j,n",67.9217,29.6561,67.92194186010,29.65617447579,0.0010437,0.0009014,80.86,159056627681240448,67.92184600718,0.0523,29.65616489011,0.0363,1.2923,0.0583,22.1745,18.866,-18.742,0.065,-2.157,0.056,221,2.6450,285.76,0.194,2.658e+00,31,,,14,1.128,0,6.97453e+03,3.82162e+00,16.078579,2.03046e+03,1.25848e+01,17.069555,7.26621e+03,15.094626,1.333,1.974929,,,0,,,143580679218347993,,,599049263,0.002819,0.007285,0.004738,16.078579,0.002819,6.97453e+03,0.001,1.0404,0.9052,0.0461
0.623441,67.9375,28.985556,76,043145.0+285908,w,,,10.96,0.05,,10.96,0.05,,10.93,0.06,,10.81,0.06,,8.76,0.12,>,1.14,,>,-0.7,,,yes,no,no,no,,1,,B,not yso,star,III,F0,1.1,1.3,-0.6,,0.001,needs add'l followup,"b,n",67.9375,28.9856,67.93769382359,28.98559128312,0.0003313,0.0002271,86.44,152829371778091392,67.93769940679,0.0165,28.98561628366,0.0101,2.1152,0.0186,113.9936,5.731,1.099,0.020,5.625,0.014,215,1.3466,251.82,0.031,7.347e-01,31,,,14,1.065,0,1.07974e+05,2.27593e+01,13.104068,4.60854e+04,3.83935e+01,13.679633,8.94344e+04,12.369134,1.255,1.310499,23.52,1.32,5,6500.0,3.5,142780679376603295,,,595047130,0.002765,0.002933,0.003813,13.104068,0.002765,1.07974e+05,0.007,0.3309,0.2275,0.0479
0.673695,68.056667,25.296111,77,043213.6+251746,w,GSC 01833-00754,,9.65,0.05,,9.63,0.05,,9.59,0.05,,9.57,0.05,,8.95,0.15,>,1.02,,>,-0.49,,,no,yes-faint,no,no,,1,GSC 01833-00754,C+,yso,star,III,A9,6.4,1.3,0.0,,8.2E-5,needs add'l followup,"b,n",68.0567,25.2961,68.05687327488,25.29609551175,0.0003583,0.0002619,89.97,150918244474029568,68.05688351342,0.0163,25.29604585265,0.0102,1.8037,0.0180,99.9697,11.366,2.083,0.022,-11.173,0.016,266,-2.5252,662.72,0.101,1.426e+01,31,,,15,0.890,0,4.78968e+05,3.32476e+02,11.486601,2.24852e+05,4.40689e+02,11.958801,3.65191e+05,10.841597,1.232,1.117205,42.12,3.58,3,6250.0,4.5,138350680567105694,1237660759998923074,,577043579,0.002857,0.003509,0.003956,11.486601,0.002857,4.78968e+05,0.004,0.3583,0.2619,0.0004
0.362651,68.060833,22.628333,78,043214.6+223742,w,,,13.86,0.06,,12.7,0.06,,11.64,0.06,,10.52,0.06,,7.32,0.05,>,1.02,,>,0.24,,,,no,yes-faint,no,,1,,C,not yso,embedded,flat,,,,,,,pending followup,,68.0608,22.6283,68.06077660880,22.62841924731,0.0078255,0.0051421,90.93,145849839467989632,68.06078242846,0.3133,22.62841902012,0.1869,0.3038,0.3662,0.8295,1.210,1.209,0.485,-0.051,0.322,225,-1.5240,197.34,0.000,0.000e+00,31,,,14,0.927,0,3.77581e+02,1.27027e+00,19.244840,1.23200e+02,7.35144e+00,20.112015,3.61935e+02,18.351318,1.285,1.760696,,,0,,,135150680607384654,,,564036775,0.004575,0.064847,0.030910,19.244840,0.004575,3.77581e+02,-0.018,7.8249,5.1430,-0.0140
0.852424,68.100417,22.852222,79,043224.1+225108,M,,,10.04,0.05,,9.69,0.05,,9.28,0.05,,8.49,0.05,,6.11,0.04,>,1.43,,>,0.63,,,yes,yes,yes,yes,,1,,A+,yso,class II,II,M5e,-14.4,1.5,-1.0,,0.064,new member,"b,c,f,k",68.1004,22.8522,68.10065613250,22.85230864389,0.0009300,0.0007077,77.93,145950895754320384,68.10070606855,0.0448,22.85223234248,0.0300,6.2483,0.0493,126.7361,20.048,10.354,0.057,-17.168,0.045,238,5.2826,561.62,0.258,1.062e+01,31,,,16,1.253,0,1.54716e+04,2.00690e+01,15.213528,1.57052e+03,2.05410e+01,17.348436,2.26331e+04,13.861036,1.564,3.487400,,,0,,,135420681006603293,1237664089144033504,,565037781,0.003094,0.014472,0.005003,15.213528,0.003094,1.54716e+04,0.013,0.9214,0.7189,0.1123
0.565899,68.104583,26.792222,80,043225.1+264732,w,,,11.08,0.05,,11.06,0.05,,11.01,0.06,,10.48,0.06,,10.18,0.27,>,1.0,,>,-1.43,,,yes,no,yes-faint,no,,1,,B-,not yso,star,III,K1 w/ Av,1.3,3.1,-0.9,,0.0017,needs add'l followup,b,68.1046,26.7922,68.10474525290,26.79228309794,0.0006310,0.0004328,69.12,151721132776489216,68.10474971018,0.0284,26.79227867564,0.0184,0.2433,0.0319,7.6239,1.338,0.895,0.038,-0.995,0.029,282,0.4918,291.43,0.000,0.000e+00,31,,,16,1.020,0,1.62065e+04,7.24997e+00,15.163144,3.63174e+03,1.56338e+01,16.438255,1.88154e+04,14.061610,1.385,2.376645,,,0,,,140150681047411325,,,584045394,0.002798,0.005443,0.003946,15.163144,0.002798,1.62065e+04,-0.003,0.6094,0.4628,0.2490
1.030072,68.117083,27.189444,81,043228.1+271122,w,,,6.81,0.05,,6.79,0.05,,6.57,0.05,,6.42,0.05,,5.91,0.04,>,0.72,,>,-0.59,,,yes,yes,no,no,h,1,,B,yso,star,III,M6,0.0,7.0,0.5,<,4.0E-5,needs add'l followup,"b,e,k",68.1171,27.1894,68.11726253750,27.18968141816,0.0013184,0.0009959,73.82,151747967732134912,68.11726382666,0.0673,27.18967474802,0.0436,0.0046,0.0765,0.0603,1.523,0.258,0.080,-1.501,0.064,251,3.9540,3206.78,0.518,1.126e+02,31,,,16,1.182,0,4.54517e+04,2.07501e+02,14.043491,1.04364e+03,4.94053e+01,17.792162,7.81473e+04,12.515611,1.742,5.276551,,,0,,,140620681172988154,,,586044736,0.005671,0.051474,0.013324,14.043491,0.005671,4.54517e+04,-0.057,1.2962,1.0246,0.1504
1.104935,68.205417,22.885556,83,043249.3+225308,M,,,8.49,0.05,,8.18,0.05,,7.77,0.05,,7.05,0.06,,,,,,,>,-0.86,,,,,yes,yes,,1,,A+,,class II,II,early K,-25.9,7.1,0.0,,0.03,new member,"a,b,f,j,o",68.2054,22.8856,68.20574550334,22.88560708824,0.0026487,0.0018693,69.38,145951789107603072,68.20579457252,0.1268,22.88553144460,0.0748,6.0872,0.1354,44.9411,19.828,10.171,0.158,-17.020,0.123,259,21.8574,2454.33,0.895,8.268e+01,31,,,15,2.111,0,9.09129e+03,4.15070e+01,15.790803,6.14095e+02,1.85810e+01,18.367954,1.61174e+04,14.229658,1.840,4.138296,,,0,,,135460682057553237,1237664089144098862,,565037824,0.005671,0.032970,0.011925,15.790803,0.005671,9.09129e+03,0.201,2.5650,1.9827,0.2282
1.031975,68.235,22.395,84,043256.4+222342,w,HD 284481,,9.06,0.05,,9.05,0.05,,9.01,0.05,,9.03,0.05,,8.45,0.11,>,1.03,,>,-1.74,,,no,yes,no,no,,1,HD 284481,B-,yso,star,III,A8,6.5,1.0,0.3,,6.4E-5,needs add'l followup,"b,n",68.235,22.395,68.23527221406,22.39513721981,0.0003818,0.0002778,96.88,145091730497092352,68.23519147930,0.0181,22.39510389579,0.0112,4.0809,0.0195,208.9038,18.393,-16.795,0.024,-7.498,0.018,246,2.7120,598.29,0.103,1.142e+01,31,,,16,1.125,0,9.97540e+05,2.97048e+02,10.690041,5.05184e+05,5.78160e+02,11.079919,7.08833e+05,10.121535,1.217,0.958384,,,0,,,,1237664088607162396,,562036387,0.002774,0.003054,0.003845,10.690041,0.002774,9.97540e+05,0.004,0.3805,0.2796,-0.0767
0.922188,68.2675,29.363611,85,043304.2+292149,w,HD 282276,,7.99,0.05,,7.92,0.05,,7.83,0.06,,7.17,0.06,,3.02,0.04,>,-0.35,,,-4.73,0.34,,yes,yes,yes,no,,1,HD 282276,A,yso,star,II,B8V,5.7,,,,,needs add'l followup,"c,m",68.2675,29.3636,68.26762595184,29.36384245219,0.0008976,0.0007199,81.60,158846277362322816,68.26762879947,0.0452,29.36382417707,0.0298,2.2738,0.0526,43.2452,4.150,0.558,0.056,-4.112,0.045,263,45.3114,6132.45,0.361,1.764e+02,31,,,16,3.554,0,1.95934e+06,1.33106e+03,9.957091,8.43280e+05,1.22401e+03,10.523613,1.61510e+06,9.227397,1.255,1.296216,,,0,,,,,,597048301,0.002852,0.003204,0.004073,9.957091,0.002852,1.95934e+06,0.008,0.8942,0.7242,0.0642
0.931810,68.3025,29.213889,86,043312.6+291250,w,HD 282277,,8.73,0.05,,8.68,0.05,,8.7,0.05,,8.64,0.05,,7.98,0.08,>,0.95,,>,0.29,,,no,yes,no,no,,1,HD 282277,B,yso,star,III,A7V,6.9,,,,,needs add'l followup,,68.3025,29.2139,68.30273632337,29.21404536952,0.0003320,0.0002524,82.23,152836415524492672,68.30282233116,0.0142,29.21395142508,0.0092,4.9105,0.0158,310.4032,27.057,16.890,0.021,-21.137,0.016,281,3.5236,655.23,0.077,9.124e+00,31,,,16,1.152,0,9.73007e+05,1.36812e+02,10.717077,4.20253e+05,2.16493e+02,11.279764,7.97131e+05,9.994071,1.251,1.285693,24.39,5.28,7,6750.0,4.5,,,,597048340,0.002760,0.002846,0.003808,10.717077,0.002760,9.73007e+05,0.005,0.3307,0.2540,0.0741
0.367845,68.359167,22.758056,88,043326.2+224529,P,2MASS J04332621+2245293,,9.56,0.05,,9.46,0.05,,9.38,0.05,,9.33,0.05,,8.46,0.08,,1.94,0.22,>,-1.45,,yes-faint,yes,yes,no,no,,1,2MASS J04332621+2245293,A,yso,star,II,M4,-6.8,5.9,-0.6,,0.015,"probable,new member","b,c,f,g,k",68.3592,22.7581,68.35924647693,22.75812719861,0.0022636,0.0016964,77.34,145196252820109440,68.35928937175,0.1017,22.75805374816,0.0639,6.2913,0.1123,56.0094,18.770,8.900,0.139,-16.526,0.108,289,1.3979,1108.68,0.733,2.869e+01,95,1.1049,0.0227,16,1.058,0,4.64004e+03,7.85881e+00,16.521063,2.17628e+02,1.11208e+01,19.494255,8.14506e+03,14.970659,1.802,4.523596,,,0,,,135310683592260260,,,564036941,0.003313,0.055551,0.006198,16.495472,0.003289,4.75070e+03,0.109,2.2397,1.7279,0.1241
1.159959,68.4125,22.455556,89,043339.0+222720,M,,,9.97,0.05,,9.75,0.05,,9.55,0.05,,9.19,0.05,,4.85,0.04,,1.11,0.22,>,-0.43,,yes,yes,yes,yes,yes,,1,,A+,yso,class II,II,M1e,-23.7,7.9,-0.9,,0.12,new member,"b,c,f,k",68.4125,22.4556,68.41282245002,22.45567853796,0.0013758,0.0007773,87.76,145081590077487360,68.41282245002,1.3750,22.45567853796,0.7785,,,,,,,,,236,118.3961,23545.34,9.989,9.604e+02,3,,,15,,0,1.38992e+03,2.60766e+01,17.829895,8.92867e+02,1.52505e+01,17.961576,5.27418e+03,15.442508,4.437,2.519069,,,0,,,134940684127557436,1237664088607228183,,563036944,0.020555,0.018754,0.012670,17.829895,0.020555,1.38992e+03,3.028,1.3750,0.7785,0.0470
0.610886,68.424167,22.643333,90,043341.8+223836,w,,,11.1,0.05,,11.01,0.05,,11.01,0.06,,10.51,0.06,>,9.86,,>,1.08,,>,-0.71,,,,,yes-faint,no,,1,,B-,,star,III,K2 w/ Av,0.7,4.9,-0.9,<,0.0021,needs add'l followup,b,68.4242,22.6433,68.42432096487,22.64342575390,0.0008428,0.0006561,79.37,145191614255430400,68.42428513159,0.0413,22.64347937372,0.0271,5.6829,0.0471,120.6969,14.175,-7.441,0.052,12.064,0.041,265,0.3985,279.32,0.000,0.000e+00,31,,,16,1.016,0,8.38729e+03,6.75522e+00,15.878313,1.46712e+03,1.02540e+01,17.422377,1.06090e+04,14.683708,1.440,2.738668,,,0,,,135170684242702670,,,564036959,0.002891,0.008085,0.004553,15.878313,0.002891,8.38729e+03,-0.002,0.8371,0.6633,0.0914
0.900959,68.435833,26.25,91,043344.6+261500,M,,,8.79,0.05,,8.24,0.05,,7.8,0.05,,7.15,0.05,,4.56,0.04,,1.85,0.22,>,-1.48,,yes,yes,yes,yes,yes,h,1,,A+,yso,class II,II,M6e,-82.2,5.4,-0.6,,0.13,new member,"b,c,e,f,k,l",68.4358,26.25,68.43607715292,26.25012117630,0.0032069,0.0020133,94.23,151129011404806912,68.43611706542,0.1299,26.25004230145,0.0771,6.1800,0.1425,43.3588,19.489,8.054,0.199,-17.747,0.126,215,7.7572,883.42,0.829,2.976e+01,95,1.1885,0.0273,14,1.401,0,4.36765e+03,4.34526e+01,16.586748,1.80092e+02,1.35073e+01,19.699810,7.99888e+03,14.990323,1.873,4.709487,,,0,,,139500684360870670,1237660559746007148,,582044154,0.011148,0.081481,0.034570,16.561157,0.010904,4.47182e+03,0.153,3.2016,2.0217,-0.0708
0.491505,68.45625,29.257778,92,043349.5+291528,M,IRAS 04306+2909,,12.66,0.06,,11.45,0.05,,10.12,0.06,,8.62,0.05,,4.12,0.04,,0.6,0.22,>,-0.7,,yes,yes-faint,yes,yes-faint,yes,g,1,IRAS 04306+2909,,yso,embedded,I,Xgal,-1.9,9.5,0.2,,0.021,Xgal,b d,68.4562,29.2578,68.45627758438,29.25791239143,0.0089000,0.0049423,68.08,158842115538171776,68.45627758438,8.4604,29.25791239143,5.6620,,,,,,,,,115,21.7288,846.92,33.896,3.605e+01,3,,,9,,0,5.52489e+01,1.14717e+00,21.331556,1.07884e+02,1.33738e+01,20.256153,6.88559e+02,17.653042,14.416,2.603111,,,0,,,143110684562640075,,,597048533,0.022712,0.134622,0.038700,21.331556,0.022712,5.52489e+01,12.994,8.4604,5.6620,0.3960
1.050962,68.468333,26.215,93,043352.4+261254,M,J04335245+2612548,,13.24,0.06,,12.7,0.06,,12.24,0.06,,11.46,0.06,,8.44,0.11,>,1.07,,>,-0.75,,,yes-faint,no,no,yes,i,1,2MASS J04335245+2612548,A+,yso,class II,II,M8.5,,4.9,-2.4,,0.13,new member,f,68.4683,26.215,68.46862011458,26.21513739209,0.0076320,0.0018759,96.46,151127911893054464,68.46862011458,7.5865,26.21513739209,2.0523,,,,,,,,,51,2.0034,67.15,5.020,2.149e+00,3,,,4,,0,,,,,,,1.30637e+02,19.457731,,,,,0,,,139450684686038797,1237660761072861809,,,,,0.022083,,,,,7.5865,2.0523,-0.3929
1.579362,68.496667,29.61,94,043359.2+293636,w,,,7.16,0.05,,7.24,0.05,,7.05,0.05,,6.94,0.05,,6.38,0.05,>,0.84,,>,-1.17,,,yes,yes,no,no,,1,,B+,yso,star,III,M3 w/Av,0.0,5.5,0.4,<,8.0E-5,needs add'l followup,"b,k",68.4967,29.61,68.49707470820,29.61025850099,0.0008958,0.0007644,88.94,159044533053417728,68.49707609394,0.0445,29.61025389862,0.0310,0.1520,0.0496,3.0671,1.070,0.271,0.056,-1.036,0.048,227,3.9791,2047.83,0.343,6.721e+01,31,,,15,1.193,0,7.67822e+04,2.84479e+02,13.474216,4.14060e+03,9.85945e+01,16.295883,1.20976e+05,12.041151,1.629,4.254732,-33.89,1.40,8,4000.0,3.0,143530684970562892,,,599049910,0.004876,0.026003,0.012180,13.474216,0.004876,7.67822e+04,-0.026,0.8958,0.7644,0.0059
1.198850,68.58125,26.869444,95,043419.5+265210,w,,,11.84,0.05,,11.76,0.05,,11.68,0.06,,11.46,0.06,,8.88,0.14,>,0.95,,>,-0.6,,,yes,no,no,no,,1,,A,not yso,star,III,,,,,,,pending followup,c,68.5812,26.8694,68.58161560668,26.86951133505,0.0015019,0.0011918,78.10,151537819277065600,68.58161226393,0.0727,26.86950060822,0.0463,1.3025,0.0802,16.2423,2.505,-0.671,0.092,-2.414,0.075,262,-0.2443,271.62,0.000,0.000e+00,31,,,16,0.988,0,3.16607e+03,2.55067e+00,16.936064,4.47687e+02,8.69551e+00,18.711107,4.26715e+03,15.672549,1.489,3.038558,,,0,,,140240685815943980,,,585045125,0.002891,0.021272,0.006255,16.936064,0.002891,3.16607e+03,0.003,1.4901,1.2066,0.0938
1.321436,68.5825,23.446944,96,043419.8+232649,w,HD 284530,,8.22,0.05,,8.22,0.05,,8.18,0.05,,8.18,0.05,,7.46,0.06,>,0.67,,>,-0.97,,,no,yes,no,no,,1,HD 284530,B-,yso,star,III,B8,7.7,1.9,1.2,,3.8E-5,needs add'l followup,"b,m,n",68.5825,23.4469,68.58283682308,23.44714211462,0.0008372,0.0006106,95.34,146008242157540480,68.58289254666,0.0424,23.44708069314,0.0248,3.2327,0.0480,67.3878,17.980,11.503,0.052,-13.820,0.038,267,31.9524,3925.15,0.322,1.344e+02,31,,,14,2.681,0,1.94922e+06,9.74922e+02,9.962717,9.72822e+05,6.39684e+02,10.368459,1.42165e+06,9.365916,1.228,1.002543,,,0,,,136130685826586779,1237664089681231897,,568040266,0.002808,0.002880,0.003804,9.962717,0.002808,1.94922e+06,0.011,0.8355,0.6129,-0.0594
1.140597,68.6475,26.735,97,043435.4+264406,w,,<,6.62,,,6.64,0.05,,6.45,0.05,,6.22,0.05,,4.84,0.04,>,1.07,,>,-0.91,,,yes,yes,yes,,h,1,,B-,,,III,M3,1.4,5.8,0.6,,0.001,needs add'l followup,"b,e,k",68.6475,26.735,68.64785081354,26.73504711094,0.0013408,0.0010319,73.17,151532703971044352,68.64785343144,0.0613,26.73504487562,0.0417,0.2131,0.0667,3.1942,0.728,0.526,0.082,-0.503,0.066,248,4.9564,5249.72,0.503,1.898e+02,31,,,16,1.232,0,1.28436e+05,1.18651e+03,12.915649,6.13320e+03,3.31929e+02,15.869324,2.07922e+05,11.453143,1.667,4.416181,23.71,0.56,9,4000.0,3.0,140080686477262495,,,584045837,0.010402,0.058826,0.024521,12.915649,0.010402,1.28436e+05,-0.012,1.3177,1.0613,0.1453
0.780733,68.71875,24.045556,98,043452.5+240244,w,,,11.49,0.05,,11.46,0.05,,11.4,0.06,,11.05,0.06,,8.81,0.18,>,1.42,,>,-1.43,,,yes,no,yes-faint,no,,1,,B+,not yso,star,III,K2 w/ Av,1.6,4.4,-1.1,,0.0038,needs add'l followup,b,68.7187,24.0456,68.71874805851,24.04577286294,0.0013285,0.0009367,60.68,147579925309896448,68.71874573365,0.0542,24.04574188070,0.0372,0.9244,0.0599,15.4194,6.987,-0.478,0.077,-6.971,0.065,293,-0.5962,288.31,0.000,0.000e+00,31,,,16,0.974,0,4.14544e+03,3.65741e+00,16.643440,6.81651e+02,8.76140e+00,18.254637,5.32063e+03,15.432987,1.448,2.821650,,,0,,,136850687187945478,1237664090218234128,,571040835,0.002917,0.014231,0.005714,16.643440,0.002917,4.14544e+03,-0.007,1.2458,1.0442,0.2913
0.846181,68.737083,22.976389,99,043456.9+225835,M,2MASS J04345693+2258358,,9.05,0.05,,9.06,0.05,,8.95,0.05,,8.93,0.05,,8.31,0.08,>,1.26,,>,-0.89,,,no,yes,no,no,,1,2MASS J04345693+2258358,A+,yso,star,III,M0,-4.5,1.8,-0.5,,2.3E-4,new member,"b,f,g,i",68.7371,22.9764,68.73721489658,22.97659025284,0.0003184,0.0002267,93.35,145225596036660224,68.73727083265,0.0167,22.97651754360,0.0091,6.1457,0.0183,336.2452,20.047,11.587,0.020,-16.360,0.014,273,1.4810,281.50,0.000,0.000e+00,31,,,17,1.063,0,8.24166e+04,2.47568e+02,13.397330,1.79758e+04,1.94360e+02,14.701821,9.86318e+04,12.262854,1.415,2.438968,,,0,,,135570687372722382,1237664089144295564,,565038140,0.004269,0.012066,0.009128,13.397330,0.004269,8.24166e+04,0.017,0.3181,0.2270,-0.0404
0.788937,68.925,22.872778,101,043542.0+225222,M,2MASS J04354203+2252226,,9.69,0.05,,9.56,0.05,,9.5,0.05,,9.5,0.05,,8.98,0.12,>,1.07,,>,-0.55,,,yes,yes-faint,no,no,,1,2MASS J04354203+2252226,A+,yso,star,III,M5e,-18.6,2.1,-0.8,<,1.4E-4,new member,"b,f,g,i,k",68.925,22.8728,68.92514954795,22.87294841298,0.0010758,0.0007575,86.72,145212711134828672,68.92519786534,0.0539,22.87287332775,0.0316,6.0909,0.0574,106.0641,19.640,10.017,0.066,-16.894,0.047,252,1.3858,675.71,0.315,1.604e+01,31,,,16,1.062,0,1.41039e+04,1.89889e+01,15.314018,9.01369e+02,1.53822e+01,17.951284,2.23921e+04,13.872661,1.652,4.078624,,,0,,,135440689251798034,,,565038270,0.003119,0.018737,0.006080,15.314018,0.003119,1.41039e+04,0.021,1.0750,0.7588,0.0408
0.387326,68.99,22.899167,102,043557.6+225357,M,J04355760+2253574,,13.06,0.05,,12.87,0.06,,12.43,0.06,,12.35,0.08,,7.13,0.05,>,0.88,,>,-2.35,,,yes-faint,yes-faint,no,no,,1,2MASS J04355760+2253574,A+,yso,star,II,M5:e,-30.4,3.4,-2.3,,0.15,new member,"b,c,k",68.99,22.8992,68.99010612006,22.89921193696,0.0023599,0.0013173,71.89,145210267297932416,68.99010612006,2.2800,22.89921193696,1.4511,,,,,,,,,228,24.2598,1225.78,14.066,1.561e+02,3,,,13,,0,1.31420e+02,2.41435e+00,20.390709,4.01303e+01,6.30500e+00,21.329860,5.94444e+02,17.812618,4.829,3.517242,,,0,,,135470689900549658,,,565038299,0.020136,0.170606,0.021397,20.390709,0.020136,1.31420e+02,3.273,2.2800,1.4511,0.3424
1.426930,68.9975,22.641389,103,043559.4+223829,M,,,12.41,0.06,,11.72,0.06,,10.87,0.06,,9.57,0.06,,5.22,0.04,,2.22,0.22,>,2.35,,yes,yes,yes-faint,yes-faint,yes,,1,,A+,yso,class II,flat,K7-M0,-1.7,2.0,-2.0,,0.53,new member,b,68.9975,22.6414,68.99792824688,22.64141886248,0.0029097,0.0019631,93.80,145157937416226176,68.99797802843,0.1449,22.64134503013,0.0820,6.7667,0.1605,42.1651,19.566,10.338,0.180,-16.612,0.124,314,1.6197,368.29,0.055,2.642e-02,31,,,17,1.065,0,1.06347e+03,7.54695e+00,18.120554,2.12886e+02,1.22190e+01,19.518175,1.45971e+03,16.837227,1.573,2.680948,,,0,,,135170689979410174,1237664088607490054,,564037251,0.008183,0.062380,0.044243,18.120554,0.008183,1.06347e+03,0.139,2.9062,1.9682,-0.0534
1.245415,69.089167,27.32,104,043621.4+271912,p,,,12.62,0.05,,12.62,0.06,,12.56,0.06,,12.38,0.07,,8.11,0.08,>,0.79,,>,-0.87,,,yes,no,no,no,,1,,A-,yso,star,II,K2e,0.8,2.6,-1.5,,0.012,"possible,new member","b,n o",69.0892,27.32,69.08949256683,27.32018977274,0.0010059,0.0007541,68.68,151669043414022528,69.08950189359,0.0460,27.32016775807,0.0319,2.5216,0.0510,49.4182,5.293,1.864,0.060,-4.953,0.049,245,-0.1946,244.77,0.000,0.000e+00,31,,,16,0.990,0,6.65313e+03,3.79642e+00,16.129800,1.78991e+03,1.15903e+01,17.206463,7.13032e+03,15.115123,1.341,2.091340,,,0,,,140780690894584813,,,587046440,0.002824,0.007564,0.004393,16.129800,0.002824,6.65313e+03,-0.007,0.9763,0.7920,0.1940
0.653581,69.089583,23.854444,105,043621.5+235116,M,J04362151+2351165,,11.78,0.05,,11.53,0.05,,11.12,0.06,,10.55,0.06,,7.74,0.07,>,1.06,,>,-1.09,,,yes,no,yes-faint,yes,i,1,2MASS J04362151+2351165,A+,yso,class II,II,M5.25,,0.1,-1.8,,0.065,new member,"c,f",69.0896,23.8544,69.08963946177,23.85461805159,0.0014516,0.0010391,75.51,147546080967742720,69.08963499979,0.0715,23.85453261847,0.0455,8.7333,0.0765,114.1083,19.244,-0.918,0.088,-19.222,0.067,259,1.1512,346.55,0.250,2.676e+00,31,,,17,1.050,0,4.02543e+03,5.85057e+00,16.675335,4.26038e+02,1.34809e+01,18.764921,5.98505e+03,15.305225,1.593,3.459696,,,0,,,136620690896586025,,,570041331,0.003175,0.034468,0.006101,16.675335,0.003175,4.02543e+03,0.045,1.4293,1.0696,0.1628
1.036292,69.150417,26.986111,106,043636.1+265910,w,,,11.59,0.05,,11.64,0.05,,11.61,0.06,,10.87,0.06,>,10.6,,>,1.05,,>,-1.2,,,,,yes-faint,no,,1,,B,,star,III,K2,1.0,1.1,-1.4,,0.0078,needs add'l followup,b,69.1504,26.9861,69.15064022363,26.98631907296,0.0009741,0.0006744,77.52,151552044208328192,69.15079975072,0.0447,26.98617778226,0.0262,3.3515,0.0494,67.8877,45.096,31.985,0.060,-31.790,0.043,217,1.1779,243.64,0.110,1.358e+00,31,,,14,1.056,0,1.13233e+04,6.20890e+00,15.552437,2.61849e+03,1.31794e+01,16.793415,1.29795e+04,14.464753,1.378,2.328662,,,0,,,140380691506844073,,,585045512,0.002819,0.006136,0.004090,15.552437,0.002819,1.13233e+04,-0.004,0.9622,0.6913,0.1567
0.492407,69.336667,25.005278,108,043720.8+250019,w,,,9.73,0.05,,9.72,0.06,,9.66,0.05,,9.63,0.05,,8.84,0.15,>,1.01,,>,-0.23,,,no,yes-faint,no,no,,1,,B+,yso,star,III,G0,3.5,0.8,-0.3,,3.5E-4,needs add'l followup,b,69.3367,25.0053,69.33672217054,25.00540531371,0.0092750,0.0066038,63.45,147763234513728384,69.33676275767,0.4076,25.00535464438,0.2833,1.6593,0.4560,3.6389,14.088,8.276,0.551,-11.401,0.453,271,318.0754,379761.75,3.633,1.605e+04,31,,,16,32.541,0,2.05833e+05,2.36569e+02,12.403581,7.69761e+04,7.07790e+01,13.122653,1.96315e+05,11.515510,1.328,1.607143,-15.84,6.27,12,6000.0,3.5,138000693365587111,1237660558135787568,,576042771,0.003025,0.002963,0.003803,12.403581,0.003025,2.05833e+05,0.044,8.8062,7.2171,0.2669
1.066295,69.353333,27.155278,109,043724.8+270919,M,SV* SVS 1085,,9.45,0.05,,9.3,0.05,,9.07,0.05,,8.73,0.05,,7.32,0.05,>,1.01,,>,-1.38,,,yes,yes,yes,no,,1,SV* SVS 1085,B,yso,class II,III,B8e,-20.4,2.3,0.7,,5.6E-4,background Be,"b,c",69.3533,27.1553,69.35361237559,27.15543905268,0.0003485,0.0002649,74.88,151648702448907008,69.35361698645,0.0177,27.15542180968,0.0111,0.8967,0.0204,44.0541,3.988,0.923,0.021,-3.880,0.017,294,-1.7504,927.93,0.119,2.010e+01,31,,,16,0.927,0,6.01852e+05,2.85934e+02,11.238643,3.02088e+05,1.82430e+02,11.638210,4.33443e+05,10.655564,1.222,0.982646,,,0,,,,,,586045739,0.002803,0.002866,0.003803,11.238643,0.002803,6.01852e+05,0.007,0.3434,0.2714,0.1386
0.875942,69.48625,25.772778,110,043756.7+254622,M,ITG 1,,12.03,0.05,,11.42,0.05,,10.73,0.06,,9.83,0.05,,7.16,0.05,>,0.67,,>,-1.17,,,yes,yes-faint,yes-faint,yes,"g,i",1,ITG 1,A+,yso,class II,II,,,,,,,new member,"c,d,f",69.4862,25.7728,69.48631682949,25.77301375720,0.0019490,0.0014851,73.66,148369409017865984,69.48630112053,0.0785,25.77302322112,0.0499,0.9734,0.0877,11.1006,3.830,-3.183,0.119,2.129,0.095,276,1.3285,316.92,0.000,0.000e+00,31,,,16,1.056,0,2.40533e+03,3.44128e+01,17.234428,5.06410e+02,2.71320e+01,18.577286,2.89753e+03,16.092827,1.415,2.484459,,,0,,,138920694862158212,1237660760536383674,,579045055,0.015776,0.058238,0.052245,17.234428,0.015776,2.40533e+03,0.011,1.9163,1.5270,0.1470
0.512994,69.507917,25.323889,111,043801.9+251926,M,,,11.87,0.05,,11.76,0.05,,11.58,0.06,,10.98,0.06,,8.82,0.12,>,0.88,,>,-2.12,,,yes,no,yes-faint,no,,1,,A+,not yso,star,II,K8,-1.9,3.3,-1.6,,0.015,new member,"b,c",69.5079,25.3239,69.50802051768,25.32399647283,0.0034462,0.0020186,102.48,147963242551254144,69.50802984735,0.1369,25.32396681265,0.0684,2.8068,0.1434,19.5727,6.938,1.897,0.209,-6.674,0.131,218,-0.7805,215.27,0.000,0.000e+00,31,,,13,0.961,0,1.61368e+03,2.90007e+00,17.667822,2.04875e+02,1.47928e+01,19.559820,2.83403e+03,16.116886,1.883,3.442934,,,0,,,138380695078119283,1237660759999512821,,577044894,0.003376,0.078444,0.008463,17.667822,0.003376,1.61368e+03,0.338,3.3928,2.1070,-0.2303
1.379678,69.507917,25.323889,111,043801.9+251926,M,,,11.87,0.05,,11.76,0.05,,11.58,0.06,,10.98,0.06,,8.82,0.12,>,0.88,,>,-2.12,,,yes,no,yes-faint,no,,1,,A+,not yso,star,II,K8,-1.9,3.3,-1.6,,0.015,new member,"b,c",69.5079,25.3239,69.50801684731,25.32426146537,0.0091211,0.0057957,100.82,147963238259391232,69.50802562319,0.3797,25.32423354734,0.1907,2.3657,0.3818,6.1958,6.530,1.785,0.553,-6.282,0.368,235,-1.2239,262.43,0.552,5.894e-01,95,1.0242,0.0709,14,0.942,0,3.65373e+02,1.44874e+00,19.280525,,,,,,,,,,0,,,,,,,0.005111,,,19.280525,0.005111,3.65373e+02,,9.0247,5.9447,-0.1706
0.815649,69.515,22.206389,112,043803.6+221223,w,,,11.46,0.05,,11.47,0.05,,11.46,0.06,,10.81,0.06,,10.85,0.33,>,1.09,,>,0.43,,,no,no,yes-faint,no,,1,,C-,not yso,star,III,G0,3.2,0.3,-1.0,,0.002,needs add'l followup,"b,n",69.515,22.2064,69.51522448265,22.20647921781,0.0003081,0.0002122,66.27,144930548963437696,69.51519906163,0.0152,22.20646009751,0.0095,2.1146,0.0173,122.2669,6.823,-5.295,0.018,-4.302,0.014,274,1.3307,306.10,0.007,3.481e-02,31,,,17,1.057,0,9.23803e+04,3.27137e+01,13.273418,4.44192e+04,6.16023e+01,13.719615,6.89243e+04,12.651964,1.227,1.067651,-26.51,5.46,5,6000.0,3.5,134640695152268322,,,562037947,0.002782,0.003171,0.003876,13.273418,0.002782,9.23803e+04,0.004,0.2947,0.2305,0.2705
1.494718,69.56875,26.247222,113,043816.5+261450,w,,,9.45,0.05,,9.36,0.05,,9.17,0.05,,9.14,0.05,,9.0,0.14,>,0.67,,>,-0.3,,,yes,no,no,no,,1,,C-,yso,star,III,,,,,,,pending followup,c,69.5687,26.2472,69.56920981313,26.24727010121,0.0082830,0.0053704,65.43,148463211103036544,69.56921538200,0.3316,26.24724952793,0.1923,1.1667,0.3622,3.2209,4.763,1.124,0.489,-4.629,0.374,263,2.2063,425.68,1.356,4.918e+00,95,1.0044,0.0699,15,1.098,0,4.11525e+02,1.35705e+00,19.151377,3.72950e+01,7.01097e+00,21.409414,7.51157e+02,17.558569,1.916,3.850845,,,0,,,139490695691457241,1237660559746466024,,,0.004518,0.204123,0.014766,19.125786,0.004452,4.21340e+02,0.315,7.8569,5.9764,0.3203
1.261899,69.61125,26.916944,114,043826.7+265501,w,,,9.8,0.05,,9.81,0.05,,9.77,0.05,,9.78,0.05,,9.05,0.15,>,1.01,,>,1.08,,,no,yes-faint,no,no,,1,,B+,yso,star,III,G6-K2,1.8,1.0,-0.4,,1.9E-4,needs add'l followup,b,69.6112,26.9169,69.61160924300,26.91708634565,0.0003295,0.0002529,69.56,151582937909912576,69.61174920599,0.0147,26.91682079954,0.0102,6.5964,0.0167,395.8825,66.017,28.080,0.020,-59.748,0.016,243,2.3456,395.71,0.071,5.631e+00,31,,,16,1.108,0,2.03542e+05,3.76321e+01,12.415733,7.76846e+04,7.38361e+01,13.112704,1.81467e+05,11.600899,1.273,1.511806,-5.70,0.71,10,5500.0,4.5,140300696115630806,,,585045917,0.002763,0.002975,0.003807,12.415733,0.002763,2.03542e+05,0.002,0.3212,0.2635,0.1725
0.912577,69.771667,23.629167,115,043905.2+233745,M,J04390525+2337450,,10.6,0.06,,10.19,0.05,,9.75,0.05,,9.02,0.05,,3.51,0.04,>,0.25,,>,-1.03,,,yes,yes,yes,yes,i,1,2MASS J04390525+2337450,A+,yso,class II,flat,K5e,-28.2,4.1,-1.3,,0.39,new member,"b,c,f",69.7717,23.6292,69.77193196179,23.62909397389,0.0010414,0.0006204,88.67,146764946676068992,69.77193196179,1.0412,23.62909397389,0.6207,,,,,,,,,245,247.4182,148839.31,7.911,6.132e+03,3,,,16,,0,1.16606e+04,2.63867e+02,15.520569,6.08119e+03,3.13370e+02,15.878572,1.46124e+04,14.336092,1.775,1.542480,,,0,,,136350697719465523,1237664089144819786,,569042438,0.024723,0.056019,0.050106,15.520569,0.024723,1.16606e+04,0.499,1.0412,0.6207,0.0250
0.597336,69.89,23.989167,116,043933.6+235921,M,J04393364+2359212,,9.63,0.05,,9.22,0.05,,8.85,0.05,,7.88,0.05,,5.22,0.04,>,0.92,,>,-1.92,,,yes,yes,yes,yes,i,1,2MASS J04393364+2359212,A+,yso,class II,II,M5,,1.3,-1.0,,0.15,new member,f,69.89,23.9892,69.89016881996,23.98922817558,0.0009775,0.0005749,101.87,146881048231272192,69.89020663566,0.0413,23.98913430861,0.0240,7.8672,0.0473,166.2184,22.505,7.774,0.060,-21.120,0.037,241,2.3481,399.68,0.192,6.740e+00,31,,,16,1.109,0,1.92180e+04,1.40966e+02,14.978098,2.30769e+03,8.18713e+01,16.930600,2.67214e+04,13.680747,1.511,3.249852,,,0,,,136780698901977546,1237664089681821735,,570042155,0.008427,0.038620,0.025391,14.978098,0.008427,1.92180e+04,-0.007,0.9639,0.5974,-0.2184
0.901821,69.91625,25.342778,117,043939.9+252034,w,JH 225,,8.6,0.05,,8.6,0.05,,8.5,0.05,,8.53,0.05,,7.66,0.06,>,0.74,,>,-1.5,,,yes,yes,no,no,h,1,JH 225,B-,yso,star,III,B9 w/ Av,10.5,4.1,0.9,,5.0E-5,needs add'l followup,"b,e,n",69.9162,25.3428,69.91651894192,25.34283862303,0.0003432,0.0002359,91.06,148153698580075648,69.91649897748,0.0157,25.34282147946,0.0095,3.7106,0.0180,206.2177,5.600,-4.060,0.022,-3.857,0.015,310,3.3228,714.26,0.097,1.248e+01,31,,,16,1.136,0,2.57286e+05,6.83177e+01,12.161328,6.60800e+04,6.23932e+01,13.288366,2.86731e+05,11.104208,1.371,2.184158,,,0,,,,1237660759999709187,,577045135,0.002770,0.002973,0.003809,12.161328,0.002770,2.57286e+05,0.011,0.3431,0.2359,-0.0142
1.077757,69.9325,27.332222,118,043943.8+271956,w,,,11.19,0.05,,11.25,0.05,,11.14,0.06,,10.81,0.06,>,9.99,,,,,>,0.47,,,,,yes-faint,no,,1,,C,,star,III,K0-K2,1.2,2.5,-0.9,<,0.0014,needs add'l followup,b,69.9325,27.3322,69.93279654665,27.33236421816,0.0005176,0.0003692,68.77,151636229863976576,69.93280280448,0.0227,27.33235819395,0.0150,0.0960,0.0254,3.7858,1.844,1.251,0.031,-1.355,0.024,276,1.3593,296.92,0.000,0.000e+00,31,,,16,1.058,0,2.63627e+04,7.52502e+00,14.634891,7.73461e+03,1.48068e+01,15.617447,2.71811e+04,13.662230,1.324,1.955217,,,0,,,140790699327659400,,,587047668,0.002773,0.003479,0.003886,14.634891,0.002773,2.63627e+04,-0.004,0.5006,0.3919,0.2263
1.304392,69.936667,26.031111,119,043944.8+260152,M,ITG 15,,8.47,0.05,,8.13,0.05,,7.69,0.05,,7.04,0.05,,3.96,0.04,,1.32,0.22,>,-2.26,,yes,yes,yes,yes,yes,"g,i",1,ITG 15,A+,yso,class II,II,M5,,4.4,-0.3,,0.072,new member,"d,f,l",69.9367,26.0311,69.93700593165,26.03130730039,0.0011000,0.0007968,85.91,148400229703257856,69.93703900744,0.0514,26.03120974927,0.0320,7.1594,0.0571,125.3603,22.945,6.687,0.068,-21.949,0.050,266,0.5060,961.09,0.362,2.754e+01,31,,,17,1.021,0,1.90516e+04,5.50301e+01,14.987539,9.52156e+02,1.98232e+01,17.891771,3.09934e+04,13.519723,1.677,4.372048,,,0,,,139230699370378058,1237660761073451011,,581044998,0.004175,0.022776,0.009823,14.987539,0.004175,1.90516e+04,0.005,1.0986,0.7986,0.0466
0.984462,70.0025,23.9725,120,044000.6+235821,M,J04400067+2358211,,10.89,0.05,,10.64,0.05,,10.35,0.06,,9.7,0.06,,6.4,0.05,>,0.78,,>,1.15,,,yes,yes-faint,yes,yes,i,1,2MASS J04400067+2358211,A+,yso,class II,II,M6,,0.0,-1.5,,0.096,new member,f,70.0025,23.9725,70.00279804202,23.97252482019,0.0013859,0.0008947,97.02,146874275068113664,70.00283671431,0.0631,23.97243133530,0.0383,7.9145,0.0740,106.9167,22.487,7.951,0.086,-21.034,0.057,275,-0.9533,394.44,0.264,3.940e+00,31,,,16,0.958,0,5.54202e+03,8.99482e+00,16.328197,4.37538e+02,1.30031e+01,18.736004,8.84233e+03,14.881478,1.674,3.854526,,,0,,,136760700027967501,,,570042299,0.003271,0.032387,0.005844,16.328197,0.003271,5.54202e+03,0.073,1.3799,0.9040,-0.1089
1.099534,70.095,24.551944,121,044022.8+243307,M,,,13.06,0.06,,12.25,0.06,,11.43,0.06,,10.46,0.06,,6.52,0.05,>,0.83,,>,-0.91,,,no,no,yes-faint,yes,,1,,,yso,embedded,I,,,,,,,Xgal,c,70.095,24.5519,70.09513719545,24.55222276947,0.0401516,0.0225600,68.50,147679117579464064,70.09514390133,1.1328,24.55222456983,0.5618,0.2427,1.2550,0.1934,1.431,1.372,2.371,0.405,1.600,175,1.6502,213.97,2.632,1.955e+00,95,1.4338,0.2232,12,1.089,0,1.26176e+02,1.22695e+00,20.434923,5.57042e+01,9.66898e+00,20.973822,1.93168e+02,19.033058,1.972,1.940764,,,0,,,137460700951393257,1237664090218824582,,,0.010911,0.188480,0.047876,20.427123,0.010838,1.27086e+02,0.646,38.2622,25.6341,0.3835
0.513738,70.095833,25.950556,122,044023.0+255702,w,,,10.68,0.05,,10.63,0.05,,10.57,0.06,,10.43,0.06,,9.36,0.22,>,0.92,,>,-1.37,,,yes,no,no,no,,1,,B-,yso,star,III,G0,1.0,7.4,-0.5,,2.2E-4,needs add'l followup,l,70.0958,25.9506,70.09589173870,25.95068857135,0.0012072,0.0008518,83.06,148386657606601984,70.09589881674,0.0533,25.95068398540,0.0331,0.2459,0.0586,4.1997,1.765,1.432,0.075,-1.032,0.054,291,0.9870,366.05,0.088,4.491e-01,31,,,17,1.040,0,5.17369e+03,4.10880e+00,16.402864,5.88644e+02,6.19273e+00,18.413910,7.30295e+03,15.089150,1.525,3.324760,,,0,,,139140700958891373,1237660559209791527,,580045161,0.002887,0.011758,0.004781,16.402864,0.002887,5.17369e+03,-0.003,1.2027,0.8580,0.0850
1.379056,70.201667,23.661389,123,044048.4+233941,p,,,13.52,0.06,,,,,13.55,0.08,,,,,9.35,0.2,>,1.12,,>,-0.74,,,yes-faint,,,,,1,,A-,,,II,K0,0.8,2.1,-1.9,,0.012,"possible,new member","b,n",70.2017,23.6614,70.20202670876,23.66158443200,0.0015871,0.0010786,84.82,146810335889850112,70.20207007271,0.0795,23.66153586181,0.0434,1.3874,0.0886,15.6653,14.117,8.937,0.099,-10.928,0.068,229,-0.1229,231.39,0.000,0.000e+00,31,,,16,0.993,0,3.21864e+03,2.48963e+00,16.918186,9.34315e+02,9.57257e+00,17.912310,3.29247e+03,15.954090,1.313,1.958220,,,0,,,136390702020324422,1237664089144951269,,569042949,0.002880,0.011469,0.005826,16.918186,0.002880,3.21864e+03,-0.016,1.5836,1.0837,0.0710
1.359348,70.67125,24.688056,127,044241.1+244117,w,CCDM J04427+2441AB,,7.61,0.05,,7.55,0.05,,7.54,0.05,,7.52,0.05,,6.9,0.05,>,1.06,,>,-1.45,,,no,yes,no,no,,1,CCDM J04427+2441AB,B+,yso,star,III,A0,9.8,,,,,needs add'l followup,l,70.6712,24.6881,70.67159533615,24.68826606483,0.0008453,0.0004263,103.94,147308616520354688,70.67163874194,0.0356,24.68818849251,0.0164,4.0479,0.0380,106.3948,19.580,8.874,0.051,-17.454,0.029,299,12.0368,1682.52,0.221,4.498e+01,95,1.5342,0.0068,15,1.535,0,2.16109e+06,1.04829e+03,9.850687,1.44227e+06,1.97285e+03,9.940928,2.38142e+06,8.805807,1.769,1.135121,,,0,,,,1237660557599440965,,574043389,0.002805,0.003161,0.003972,9.850687,0.002805,2.16109e+06,0.539,0.8268,0.4611,-0.3267
1.650108,70.67125,24.688056,127,044241.1+244117,w,CCDM J04427+2441AB,,7.61,0.05,,7.55,0.05,,7.54,0.05,,7.52,0.05,,6.9,0.05,>,1.06,,>,-1.45,,,no,yes,no,no,,1,CCDM J04427+2441AB,B+,yso,star,III,A0,9.8,,,,,needs add'l followup,l,70.6712,24.6881,70.67164230131,24.68834417626,0.0248406,0.0002203,82.43,147308620814562176,70.67164230131,24.6241,24.68834417626,3.2802,,,,,,,,,38,21.2484,676.56,0.565,5.888e+01,3,,,4,,0,1.02627e+06,5.59295e+03,10.659216,1.40700e+06,5.73555e+03,9.967807,2.34896e+06,8.820707,3.660,1.147100,,,0,,,,1237660557599440965,,,0.006527,0.005232,0.003874,10.659216,0.006527,1.02627e+06,2.429,24.6241,3.2802,0.9977
0.928090,70.724583,25.619167,128,044253.9+253709,w,,,12.84,0.06,,12.79,0.06,,12.61,0.07,,12.48,0.08,,9.64,0.24,>,1.01,,>,0.95,,,yes,no,no,no,,1,,B,not yso,star,III,F5,3.3,2.2,-1.5,,0.0043,needs add'l followup,n,70.7246,25.6192,70.72476352124,25.61936691756,0.0010955,0.0006196,96.27,148219905500843648,70.72477522790,0.0510,25.61935021666,0.0241,0.4741,0.0557,8.5051,4.445,2.375,0.067,-3.758,0.039,326,0.3160,341.01,0.000,0.000e+00,31,,,17,1.011,0,6.91268e+03,2.83864e+00,16.088250,2.10671e+03,8.29218e+00,17.029533,7.05924e+03,15.126000,1.326,1.903533,,,0,,,138740707247853815,1237660760536842441,,579045533,0.002791,0.005104,0.004382,16.088250,0.002791,6.91268e+03,0.004,1.0910,0.6274,-0.1295
1.207618,70.854583,25.951667,130,044325.1+255706,w,,,9.35,0.05,,9.33,0.05,,9.2,0.05,,9.17,0.05,,8.59,0.12,>,0.87,,>,-0.81,,,no,yes,no,no,,1,,B+,yso,star,III,K7-M0,0.5,0.2,-0.5,,2.0E-4,needs add'l followup,"b,l",70.8546,25.9517,70.85494655323,25.95174227818,0.0003106,0.0001723,102.38,148279416567586688,70.85536136644,0.0131,25.95154748210,0.0060,14.4100,0.0137,1052.7379,94.677,83.922,0.019,-43.829,0.011,382,-2.0845,446.35,0.027,1.026e+00,31,,,17,0.924,0,2.03589e+05,3.42191e+01,12.415479,6.30827e+04,5.47651e+01,13.338767,2.05836e+05,11.464092,1.321,1.874675,1.59,1.02,5,4000.0,3.0,139140708552582551,1237660761073778846,,580045702,0.002761,0.002945,0.003812,12.415479,0.002761,2.03589e+05,0.003,0.3056,0.1810,-0.2530
1.118136,70.93875,24.652222,131,044345.3+243908,w,TYC 1834-591-1,,9.49,0.05,,9.46,0.05,,9.42,0.05,,9.43,0.05,,8.31,0.09,>,1.04,,>,0.07,,,yes,yes,no,no,,1,TYC 1834-591-1,B,yso,star,III,,,,,,,pending followup,"c,m",70.9387,24.6522,70.93895946530,24.65246740996,0.0012514,0.0008034,100.74,147294464602944256,70.93896305855,0.0593,24.65244450985,0.0262,0.6062,0.0649,9.3460,5.205,0.735,0.078,-5.153,0.051,430,58.7204,15691.71,0.471,3.941e+02,31,,,17,3.585,0,7.22386e+05,8.03089e+02,11.040444,3.51057e+05,9.47992e+02,11.475098,5.34730e+05,10.427559,1.226,1.047539,,,0,,,,1237664089682280591,,574043677,0.003008,0.004047,0.004541,11.040444,0.003008,7.22386e+05,0.005,1.2386,0.8231,-0.1654
0.405362,70.992917,23.850833,132,044358.3+235103,w,,,6.85,0.05,,6.73,0.05,,6.23,0.05,,6.19,0.05,,6.1,0.04,>,0.81,,>,0.05,,,no,no,yes,no,,1,,C-,yso,star,III,M3,1.4,3.7,0.8,<,9.5E-6,needs add'l followup,"b,k",70.9929,23.8508,70.99297361453,23.85093298889,0.0005033,0.0003522,97.11,146646646096360448,70.99297306706,0.0253,23.85092114180,0.0114,0.3546,0.0260,13.6564,2.668,-0.113,0.031,-2.666,0.022,458,-0.4429,2486.56,0.173,5.219e+01,31,,,18,0.985,0,7.53272e+05,4.08155e+02,10.994987,1.22961e+05,2.79851e+02,12.614121,9.71073e+05,9.779766,1.452,2.834354,57.05,0.46,14,4000.0,3.0,,,,570043518,0.002817,0.003727,0.003971,10.994987,0.002817,7.53272e+05,-0.004,0.5013,0.3550,-0.0892
0.519207,71.325833,24.41,133,044518.2+242436,w,HD 30067,,7.99,0.05,,8.02,0.05,,7.96,0.06,,7.95,0.05,,7.39,0.06,>,0.6,,>,-0.65,,,no,yes,no,no,,1,HD 30067,B+,yso,star,III,A4V,10.6,,,,,needs add'l followup,"l,m",71.3258,24.41,71.32590208591,24.41012978018,0.0003368,0.0002322,91.37,147248216395196672,71.32582460229,0.0166,24.41011703426,0.0067,6.1924,0.0181,342.7771,16.132,-15.875,0.021,-2.868,0.014,478,-1.6925,961.55,0.081,1.044e+01,31,,,18,0.945,0,4.98408e+06,8.22141e+02,8.943404,2.94363e+06,6.03368e+02,9.166336,2.97838e+06,8.562947,1.188,0.603389,,,0,,,,1237660758926491783,,573043891,0.002761,0.002799,0.003787,8.943404,0.002761,4.98408e+06,0.003,0.3367,0.2323,-0.0182
0.990375,71.415833,25.284444,134,044539.8+251704,w,,,8.28,0.05,,8.33,0.05,,8.08,0.05,,8.0,0.05,,7.31,0.05,>,1.02,,>,-0.35,,,yes,yes,no,no,h,1,,B,yso,star,III,M5,0.0,4.9,-0.1,<,7.3E-5,needs add'l followup,"b,c,e,k,l",71.4158,25.2844,71.41609687861,25.28458094182,0.0008428,0.0005100,98.69,147437023157369344,71.41610069258,0.0412,25.28458131590,0.0166,0.1400,0.0434,3.2221,0.780,0.776,0.052,0.084,0.032,447,4.3965,1720.23,0.256,3.632e+01,31,,,16,1.151,0,4.73764e+04,2.02926e+02,13.998462,3.64322e+03,8.70074e+01,16.434828,7.46170e+04,12.565801,1.652,3.869027,,,0,,,138340714160872100,1237664090219479183,,577045997,0.005405,0.026079,0.008540,13.998462,0.005405,4.73764e+04,0.049,0.8366,0.5200,-0.1546
0.977147,71.46125,25.746667,135,044550.7+254448,M,,,12.91,0.06,,11.94,0.05,,11.05,0.06,,10.09,0.06,,6.82,0.05,>,1.06,,>,-1.01,,,no,no,yes-faint,yes,,1,,,yso,embedded,flat,,,,,,,Xgal,c,71.4612,25.7467,71.46152287195,25.74678217520,0.0106946,0.0076130,80.18,148234370950815104,71.46151923141,0.5686,25.74677996924,0.2596,-1.1219,0.6017,-1.8645,0.889,-0.738,0.660,-0.496,0.479,457,0.7832,511.25,0.000,0.000e+00,95,1.2833,0.1093,17,1.025,0,1.57935e+02,6.95367e-01,20.191170,5.31964e+01,6.03694e+00,21.023836,1.83733e+02,19.087425,1.500,1.936411,,,0,,,138890714615106715,1237660559210382259,,,0.005518,0.123245,0.044174,20.183444,0.005488,1.59063e+02,0.174,10.6175,7.7201,0.1157
1.074244,71.482083,26.316111,136,044555.7+261858,p,,,10.99,0.05,,11.04,0.05,,10.91,0.06,,10.79,0.06,,9.0,0.16,,2.4,0.22,>,-0.43,,yes-faint,yes,no,no,no,,1,,A,not yso,star,II,K4,1.3,2.4,-1.0,,0.021,"possible,new member","b,c",71.4821,26.3161,71.48230769248,26.31633117954,0.0005308,0.0003748,68.73,154272102832530560,71.48231005399,0.0235,26.31632554246,0.0104,0.1571,0.0264,5.9426,1.355,0.476,0.032,-1.268,0.025,485,1.4749,513.27,0.000,0.000e+00,31,,,17,1.047,0,2.78256e+04,6.34382e+00,14.576255,8.01660e+03,1.47855e+01,15.578567,2.90763e+04,13.589046,1.333,1.989521,,,0,,,139580714823250182,1237660559747186935,,582046914,0.002766,0.003434,0.003860,14.576255,0.002766,2.78256e+04,-0.000,0.5130,0.3988,0.2335
0.635983,71.4875,24.678333,137,044557.0+244042,w,,,13.12,0.06,,12.94,0.06,,12.62,0.07,,12.12,0.07,>,10.06,,>,0.82,,>,-0.13,,,,,no,yes,,1,,B-,,class II,III,K2,1.5,1.8,-1.9,,0.015,needs add'l followup,"b,e,n",71.4875,24.6783,71.48767689286,24.67840630254,0.0015881,0.0010911,89.61,147263158586255104,71.48767488142,0.0759,24.67839752972,0.0362,1.3728,0.0807,17.0073,2.016,-0.411,0.098,-1.974,0.068,470,-0.0297,485.96,0.077,2.032e-01,31,,,18,0.998,0,2.64484e+03,1.76102e+00,17.131369,6.47437e+02,9.24820e+00,18.310549,2.97975e+03,16.062447,1.371,2.248102,,,0,,,137610714876814663,1237660759463428356,,574044212,0.002849,0.015758,0.004984,17.131369,0.002849,2.64484e+03,0.002,1.5881,1.0911,0.0052
1.091753,71.54,24.876944,138,044609.6+245237,p,,,12.78,0.06,,12.69,0.06,,12.53,0.07,,12.43,0.07,,9.19,0.21,>,0.87,,>,-1.49,,,yes,no,no,no,,1,,A-,not yso,star,II,early G,2.4,5.4,-1.4,,0.0043,"possible,new member","b,c,n",71.54,24.8769,71.54026552209,24.87712823879,0.0028840,0.0016892,103.22,147371396057182592,71.54027404354,0.1349,24.87712086703,0.0587,0.5843,0.1369,4.2685,2.403,1.739,0.176,-1.659,0.110,390,-0.5935,392.97,0.000,0.000e+00,31,,,17,0.978,0,1.41756e+03,1.54385e+00,17.808514,2.12637e+02,1.01170e+01,19.519444,1.88309e+03,16.560717,1.478,2.958727,,,0,,,137850715402433107,1237664089682542944,,575045183,0.002998,0.051733,0.006101,17.808514,0.002998,1.41756e+03,0.004,2.8340,1.7718,-0.2422
1.049913,71.665833,24.423889,139,044639.8+242526,w,,<,6.62,,<,6.1,,,5.44,0.05,,5.27,0.05,,4.41,0.04,>,1.1,,>,0.12,,,yes,yes,,,h,1,,C-,,,III,M5,0.0,4.5,1.0,<,1.8E-4,needs add'l followup,"b,e,k,l",71.6658,24.4239,71.66614734847,24.42394498922,0.0010790,0.0007641,89.12,147066449083506944,71.66614689537,0.0533,24.42394184035,0.0257,0.1612,0.0572,2.8198,0.715,-0.093,0.067,-0.708,0.047,441,4.2090,12901.15,0.449,3.317e+02,31,,,18,1.145,0,3.98818e+05,2.41672e+03,11.685430,1.94683e+04,9.01222e+02,14.615221,6.62439e+05,10.195031,1.710,4.420190,,,0,,,137300716661059349,1237664089145671718,,573044257,0.007133,0.050338,0.019813,11.685430,0.007133,3.98818e+05,0.031,1.0789,0.7642,0.0108
0.925624,71.685,26.385,140,044644.4+262306,w,,<,6.62,,,6.17,0.05,,5.98,0.05,,5.82,0.05,,4.91,0.04,>,1.01,,>,-3.17,,,yes,yes,no,,,1,,B+,,,III,M4,0.0,3.7,0.8,<,1.8E-4,needs add'l followup,"b,k,l",71.685,26.385,71.68523040590,26.38515332002,0.0013549,0.0008665,91.39,154276221704780544,71.68523702443,0.0611,26.38514278446,0.0265,0.3095,0.0664,4.6617,2.720,1.334,0.084,-2.371,0.054,410,3.3897,9994.49,0.439,2.803e+02,31,,,16,1.121,0,4.20385e+05,1.27103e+03,11.628250,2.44552e+04,4.35630e+02,14.367615,6.66513e+05,10.188374,1.644,4.179241,,,0,,,139660716851232504,1237660761610977450,,582047254,0.004286,0.019541,0.009724,11.628250,0.004286,4.20385e+05,-0.001,1.3547,0.8669,-0.0224
1.843293,71.709583,24.6375,141,044650.3+243815,w,,,13.5,0.06,,13.11,0.22,,13.52,0.09,,13.22,0.11,,10.53,0.25,>,0.88,,>,0.29,,,yes-faint,no,no,yes,,1,,B-,not yso,star,III,K0-K1 w/ Av,2.1,1.8,-2.0,,0.0079,needs add'l followup,"b,n",71.7096,24.6375,71.71008715233,24.63772841269,0.0016088,0.0011682,92.30,147352223323209088,71.71010895642,0.0816,24.63772275090,0.0387,0.9479,0.0827,11.4661,4.638,4.459,0.099,-1.274,0.072,425,-1.4482,397.22,0.000,0.000e+00,31,,,18,0.950,0,2.63086e+03,1.84707e+00,17.137121,6.66479e+02,8.87599e+00,18.279076,2.91121e+03,16.087713,1.360,2.191362,,,0,,,137560717100845846,1237660557599834367,,574044410,0.002859,0.014726,0.005521,17.137121,0.002859,2.63086e+03,-0.002,1.6082,1.1690,-0.0261
0.564153,72.009583,25.566389,142,044802.3+253359,w,,,10.05,0.05,,10.06,0.05,,9.92,0.06,,9.9,0.06,,9.33,0.21,>,1.03,,>,-1.34,,,no,yes-faint,no,no,,1,,B,yso,star,III,K0-K1 w/ Av,0.0,5.9,-0.4,,8.0E-5,needs add'l followup,"b,l",72.0096,25.5664,72.00972041310,25.56648487558,0.0007725,0.0005235,85.68,147468840275123456,72.00972645041,0.0372,25.56648215454,0.0179,0.2131,0.0400,5.3323,1.370,1.225,0.048,-0.612,0.033,440,0.2591,544.14,0.068,7.041e-01,31,,,18,1.008,0,1.00967e+04,7.21736e+00,15.676918,1.15527e+03,1.20316e+01,17.681831,1.42399e+04,14.364128,1.525,3.317703,,,0,,,138680720097050338,1237660760537366606,,578046607,0.002863,0.011647,0.004503,15.676918,0.002863,1.00967e+04,-0.003,0.7713,0.5252,0.0598
0.868421,72.239167,25.981389,144,044857.4+255853,p,2MASX 04485745+2558527,,13.3,0.06,,13.26,0.06,,12.94,0.08,,12.56,0.07,,9.6,0.25,>,1.0,,>,-1.03,,,yes-faint,no,no,no,,1,2MASX J04485745+2558527,B+,not yso,class II,II,K,0.0,5.0,-1.9,,0.015,"possible,new member","b,c,n",72.2392,25.9814,72.23943495543,25.98137595366,0.0112329,0.0046473,98.54,153489937748784512,72.23943495543,11.1297,25.98137595366,4.8893,,,,,,,,,187,84.5694,11249.65,54.359,4.647e+02,3,,,11,,0,4.70488e+01,1.03675e+00,21.505997,8.32121e+01,1.06841e+01,20.538076,6.56484e+02,17.704834,15.722,2.833242,,,0,,,139170722394088242,1237660761074303614,,580047485,0.024083,0.139432,0.021300,21.505997,0.024083,4.70488e+01,14.266,11.1297,4.8893,-0.2823
1.507189,72.250417,24.229444,145,044900.1+241346,M,,,14.28,0.06,,13.82,0.06,,13.14,0.08,,10.41,0.06,,6.21,0.05,,1.78,0.22,>,-0.85,,yes,no,yes-faint,no,no,,1,,,yso,contam.,I,,,,,,,Xgal,c,72.2504,24.2294,72.25080156852,24.22967268085,0.0091608,0.0040836,86.53,147089916784922624,72.25080156852,9.1473,24.22967268085,4.1137,,,,,,,,,127,17.5032,648.47,34.044,2.874e+01,3,,,11,,0,4.78178e+01,1.12091e+00,21.488394,8.79973e+01,1.11877e+01,20.477370,2.92007e+02,18.584412,7.947,1.892958,,,0,,,137070722507986131,1237664088608932726,,,0.025600,0.138065,0.052947,21.488394,0.025600,4.78178e+01,6.627,9.1473,4.1137,0.1081
1.038770,72.307083,25.430278,146,044913.7+252549,w,,,13.49,0.06,,12.81,0.18,,13.37,0.09,,11.91,0.06,>,9.24,,>,0.83,,>,-1.04,,,,,no,yes,,1,,C-,,contam.,III,F6,2.6,4.5,-1.6,,0.011,needs add'l followup,"b,n",72.3071,25.4303,72.30735839333,25.43042429745,0.0021141,0.0015230,89.75,153409398521305344,72.30736980526,0.1129,25.43041546499,0.0554,0.7209,0.1228,5.8719,3.054,2.319,0.131,-1.987,0.095,373,-1.1757,353.16,0.000,0.000e+00,31,,,19,0.956,0,1.50002e+03,1.58278e+00,17.747128,2.83345e+02,1.05150e+01,19.207754,1.85288e+03,16.578276,1.424,2.629479,,,0,,,138510723073267063,1237660558673838145,,578046782,0.002984,0.040389,0.006285,17.747128,0.002984,1.50002e+03,-0.002,2.1141,1.5230,0.0030
0.689888,72.317917,24.640833,147,044916.3+243827,w,CCDM J04493+2438A,,8.92,0.05,,8.93,0.05,,8.87,0.05,,8.86,0.05,,8.35,0.09,>,0.88,,>,-0.57,,,no,yes,no,no,,1,CCDM J04493+2438A,C,yso,star,III,K2 w/ Av,1.6,0.5,-0.2,,1.8E-4,needs add'l followup,"b,j",72.3179,24.6408,72.31812577233,24.64085973652,0.0003613,0.0002241,102.55,147153757179559296,72.31813258413,0.0167,24.64073906866,0.0076,2.8906,0.0178,162.6365,27.186,1.393,0.022,-27.150,0.014,386,2.4606,756.09,0.080,9.408e+00,31,,,17,1.090,0,3.07929e+05,5.91058e+01,11.966242,1.02101e+05,6.35656e+01,12.815962,2.99559e+05,11.056691,1.304,1.759271,-3.36,0.42,17,5500.0,4.5,,1237664089145933847,,574044991,0.002763,0.002871,0.003797,11.966242,0.002763,3.07929e+05,0.002,0.3560,0.2324,-0.2057
1.135495,72.422917,25.669444,148,044941.5+254010,w,,,12.8,0.06,,12.73,0.06,,12.59,0.07,,12.61,0.09,,9.56,0.26,>,0.76,,,,,,yes,no,no,no,,1,,B+,not yso,star,III,M3,0.0,1.5,-2.0,,0.011,needs add'l followup,"b,c,k",72.4229,25.6694,72.42324116145,25.66956284456,0.0025019,0.0014929,102.25,153430667199253120,72.42321434970,0.1226,25.66955501536,0.0590,4.2301,0.1293,32.7159,5.716,-5.437,0.152,-1.762,0.096,355,-0.4881,370.13,0.000,0.000e+00,31,,,19,0.981,0,1.53253e+03,1.90167e+00,17.723846,1.76966e+02,1.43387e+01,19.718815,2.16315e+03,16.410180,1.527,3.308636,,,0,,,138800724232284051,1237660760537563479,,579047302,0.003067,0.088016,0.007959,17.723846,0.003067,1.53253e+03,0.001,2.4653,1.5525,-0.2183
