angDist,_RAJ2000,_DEJ2000,recno,SST,M,CName,l_[3.6],[3.6],e_[3.6],l_[4.5],[4.5],e_[4.5],l_[5.8],[5.8],e_[5.8],l_[8.0],[8.0],e_[8.0],l_[24],[24],e_[24],l_[70],[70],e_[70],l_[160],[160],e_[160],24/70,KS/24,8/24,4.5/8,IRAC,M1,2M,SimbadName,Rank,c2dCat,GutCat,Class,SpType,EW,AV,logL*,l_LIR/L,LIR/L,Mmclass,Note2,_RA,_DE,Source,RA_ICRS,DE_ICRS,rgeo,b_rgeo,B_rgeo,rpgeo,b_rpgeo,B_rpgeo,Flag
0.928321,62.99875,29.71,1,041159.7+294236,w,,,,,,10.91,0.05,,,,,10.22,0.06,,9.88,0.35,>,1.16,,>,1.33,,,yes,no,yes,,,1,,C,,,III,G8-K1,0.9,2.8,-0.8,,0.002,needs add'l followup,b,62.9987,29.71,165636861177007360,62.99890138360,29.71022182763,2571.02197000,2409.17773000,2766.62769000,2668.20752000,2454.51562000,2884.33667000,10033
1.014247,63.384583,29.290556,2,041332.3+291726,w,,,13.04,0.06,,12.96,0.06,,12.79,0.07,,11.96,0.07,,8.19,0.09,,2.45,0.22,>,0.08,,no,yes,no,no,no,,1,,A,not yso,star,II,,,,,,,pending followup,c,63.3846,29.2906,165564911884904576,63.38481886290,29.29074850762,1200.07251000,1106.45435000,1314.63037000,1196.44763000,1110.82751000,1287.02698000,10033
0.479703,63.414167,29.353889,3,041339.4+292114,w,,,12.8,0.06,,11.94,0.05,,11.15,0.06,,10.35,0.06,,7.54,0.06,>,1.2,,>,1.46,,,no,no,yes-faint,yes,,1,,B-,yso,embedded,flat,,,,,,,pending followup,j,63.4142,29.3539,165565526063708928,63.41430236973,29.35395092139,3598.84009000,2363.12036000,6797.14111000,6909.80225000,5797.11084000,8486.23438000,10033
0.445383,63.61375,25.858333,4,041427.3+255130,p,,,13.01,0.06,,12.95,0.06,,12.97,0.07,,12.22,0.08,,9.31,0.21,>,1.33,,>,-0.25,,,yes,no,no,no,,1,,B+,not yso,star,III,G5,2.5,0.4,-1.7,,0.0095,"possible,new member","b,n",63.6137,25.8583,150667319602082688,63.61388526636,25.85835512664,955.46270800,924.57867400,981.79309100,961.24054000,941.12274200,981.66107200,10033
0.996744,63.912917,28.316111,6,041539.1+281858,M,,,8.77,0.05,,8.52,0.05,,8.17,0.05,,7.5,0.05,,4.23,0.04,,1.08,0.22,>,-2.26,,yes,yes,yes,yes,yes,,1,,A+,yso,class II,II,M5,-7.2,2.8,-0.5,,0.075,new member,"b,f,l",63.9129,28.3161,164684340508950144,63.91322841283,28.31614973617,131.45791600,130.90307600,132.12927200,131.62857100,131.11212200,132.15756200,10033
1.439597,63.927917,29.166389,7,041542.7+290959,M,,,9.2,0.05,,9.18,0.05,,9.05,0.05,,9.0,0.06,,4.51,0.04,,-0.16,0.22,>,-2.01,,yes,yes,yes,no,no,,1,,A+,yso,star,II,M0 w/ Av,-1.9,2.5,-0.5,,0.099,new member,"b,f",63.9279,29.1664,164800235906366976,63.92834129142,29.16653948055,158.65934800,158.01008600,159.31701700,158.57222000,157.93635600,159.40965300,10033
1.463850,63.99125,27.771389,8,041557.9+274617,M,,,9.72,0.05,,9.4,0.05,,9.06,0.05,,8.37,0.05,,5.74,0.04,>,1.22,,>,-1.58,,,yes,yes,yes,yes,,1,,A+,yso,class II,II,M6,-32.2,1.1,-1.1,,0.12,new member,"b,f,l",63.9912,27.7714,162967384383246336,63.99170918430,27.77137256331,132.07043500,131.13736000,132.90560900,131.88678000,131.01142900,132.73449700,10022
0.446190,64.02,26.300278,9,041604.8+261801,w,,,12.27,0.05,,11.5,0.05,,10.73,0.06,,9.85,0.06,,6.53,0.05,>,1.3,,>,-1.27,,,no,yes-faint,yes-faint,yes,,1,,C-,yso,embedded,flat,,,,,,,pending followup,,64.02,26.3003,150709444641383936,64.02013712744,26.30029378364,2600.17920000,1713.42529000,3751.88159000,2787.63281000,2333.32690000,3376.92651000,10033
1.161915,64.102083,29.149444,11,041624.5+290858,w,HD 281820,,9.49,0.05,,9.49,0.05,,9.45,0.05,,9.44,0.05,,8.28,0.09,>,1.25,,>,-0.98,,,yes,yes,no,no,,1,HD 281820,B,yso,star,III,A2,11.5,0.8,0.3,,1.7E-4,needs add'l followup,"b,n",64.1021,29.1494,164797865084406400,64.10239468388,29.14961741334,311.16223100,309.39819300,313.29162600,311.29464700,309.34655800,313.20065300,10023
1.488465,64.275833,26.736944,12,041706.2+264413,w,,,11.08,0.05,,11.12,0.05,,11.1,0.06,,11.0,0.06,,8.92,0.16,>,0.96,,>,0.18,,,yes,no,no,no,,1,,B+,not yso,star,III,K3,1.5,0.9,-1.0,,0.002,needs add'l followup,b,64.2758,26.7369,150831181194504832,64.27623241161,26.73715307286,2394.52783000,2296.45386000,2496.82983000,2391.68188000,2289.17969000,2510.67676000,10033
0.573833,64.504583,28.590556,13,041801.1+283526,p,,,11.15,0.05,,11.12,0.05,,11.05,0.06,,10.94,0.06,,9.1,0.13,>,1.54,,>,-0.22,,,yes,no,no,no,,1,,B+,not yso,star,III,K0-K2:,1.1,6.2,-0.9,,0.0013,"possible,new member","b,o",64.5046,28.5906,164708800346144000,64.50470886525,28.59067086363,2573.62305000,2123.57666000,3139.05298000,2350.88013000,2046.53748000,3223.84521000,10133
2.454003,64.504583,28.590556,13,041801.1+283526,p,,,11.15,0.05,,11.12,0.05,,11.05,0.06,,10.94,0.06,,9.1,0.13,>,1.54,,>,-0.22,,,yes,no,no,no,,1,,B+,not yso,star,III,K0-K2:,1.1,6.2,-0.9,,0.0013,"possible,new member","b,o",64.5046,28.5906,164708800347534208,64.50452861264,28.59123599270,1686.59619000,1116.84802000,2831.85205000,,,,10099
1.290870,64.51375,24.669167,14,041803.3+244009,w,,,10.08,0.05,,10.07,0.05,,10.03,0.06,,9.83,0.05,,7.21,0.05,>,1.1,,>,-0.39,,,yes,yes-faint,no,no,,1,,B,yso,star,III,A9,7.9,0.3,-0.3,,0.0022,needs add'l followup,"b,e,n",64.5137,24.6692,149936419247206144,64.51411264277,24.66930833627,362.79892000,360.20233200,365.55032300,362.21676600,359.51806600,364.87628200,10033
1.491053,64.54375,28.746389,15,041810.5+284447,w,,,12.42,0.05,,11.73,0.05,,10.94,0.06,,10.06,0.06,,6.42,0.05,,1.84,0.22,>,2.04,,yes,no,no,yes-faint,yes,,1,,C,yso,class II,I,,,,,,,pending followup,,64.5437,28.7464,164714469703047424,64.54420351484,28.74650494329,2481.37598000,1502.55920000,3649.50879000,2024.54346000,1704.09521000,2473.08545000,10033
1.265846,64.544583,25.3325,16,041810.7+251957,M,[GBM90] L1506 1,,8.1,0.05,,7.76,0.05,,7.27,0.05,,6.33,0.05,,4.42,0.04,,1.72,0.22,>,-1.45,,yes,yes,yes,yes,yes,h,1,[GBM90] L1506 1,A+,yso,class II,II,K8-M0,-4.3,4.3,-0.3,,0.11,new member,"a,b,e,f,o",64.5446,25.3325,150393571269837184,64.54497202982,25.33250151513,129.48306300,129.06944300,129.86900300,129.51565600,129.13816800,129.88661200,10033
0.131859,64.596667,25.324444,17,041823.2+251928,w,2MASX 04182321+2519281,,11.79,0.05,,11.09,0.05,,10.44,0.06,,9.57,0.05,,6.18,0.05,>,1.18,,>,-1.08,,,yes-faint,yes-faint,yes-faint,yes,,1,2MASX J04182321+2519281,B+,yso,class II,flat,G,1.9,7.7,-1.8,,0.34,needs add'l followup,"b,e,l,n",64.5967,25.3244,150390959929396608,64.59670030301,25.32446486630,1601.03320000,850.49603300,2273.76929000,1630.63062000,1364.64233000,1933.47620000,10033
1.121760,64.741667,23.841944,19,041858.0+235031,w,,,12.68,0.06,,11.85,0.05,,11.07,0.06,,10.22,0.06,,7.27,0.05,>,1.2,,>,0.33,,,no,no,yes-faint,yes,,1,,B,yso,embedded,flat,,,,,,,pending followup,c,64.7417,23.8419,149071580336201728,64.74200699177,23.84196367666,1975.66382000,1444.30884000,3288.95605000,2213.08472000,1974.15576000,2521.17529000,10033
0.035109,64.745833,25.961111,20,041859.0+255740,w,,,13.08,0.06,,12.06,0.06,,11.1,0.06,,9.9,0.06,,5.96,0.04,>,1.25,,>,1.82,,,no,yes-faint,yes-faint,yes,,1,,B-,yso,embedded,I,,,,,,,pending followup,,64.7458,25.9611,150542284512041472,64.74583887019,25.96111920089,1355.06897000,787.07232700,1989.37561000,4967.41504000,4201.96924000,5796.60742000,10033
0.212909,64.900833,26.882222,21,041936.2+265256,w,,,12.26,0.05,,12.22,0.06,,12.17,0.06,,12.09,0.06,,9.27,0.15,>,1.55,,>,-0.29,,,yes,no,no,no,,1,,B,not yso,star,III,G3,2.7,0.8,-1.3,,0.0032,needs add'l followup,"b,n",64.9008,26.8822,150845234327543936,64.90089435381,26.88224442764,1094.73218000,1059.84473000,1128.59851000,1088.80505000,1059.72119000,1114.90356000,10033
1.428886,64.918333,27.016667,22,041940.4+270100,w,,,12.81,0.06,,11.95,0.05,,11.15,0.06,,10.25,0.06,,6.69,0.05,>,1.63,,>,0.34,,,no,no,yes-faint,yes,,1,,B-,yso,embedded,I,,,,,,,pending followup,"g,l",64.9183,27.0167,150851384721524352,64.91872728777,27.01685181298,2094.97925000,1331.46912000,3666.46216000,2340.57983000,1968.82178000,2625.56592000,10033
0.352024,65.067083,28.358889,25,042016.1+282132,M,,,11.86,0.05,,11.48,0.05,,11.13,0.06,,10.57,0.06,,8.23,0.08,>,1.07,,>,-0.28,,,yes,no,yes-faint,yes,,1,,A+,yso,class II,II,M6e,-133.1,0.2,-2.1,,0.13,new member,"b,c,f,k",65.0671,28.3589,164593115404749440,65.06718826779,28.35892031483,130.45001200,128.37966900,132.84991500,130.10238600,128.01245100,132.66922000,10022
2.745100,65.067083,28.358889,25,042016.1+282132,M,,,11.86,0.05,,11.48,0.05,,11.13,0.06,,10.57,0.06,,8.23,0.08,>,1.07,,>,-0.28,,,yes,no,yes-faint,yes,,1,,A+,yso,class II,II,M6e,-133.1,0.2,-2.1,,0.13,new member,"b,c,f,k",65.0671,28.3589,164593111108784384,65.06642555921,28.35938572973,1909.97302000,1282.47632000,2659.93433000,1498.17322000,1314.21826000,1750.45374000,10033
0.756192,65.1075,28.323056,27,042025.8+281923,M,,,9.19,0.05,,8.52,0.05,,7.92,0.05,,7.12,0.05,,3.78,0.04,,1.92,0.22,>,-1.07,,yes,yes,yes,yes,yes,,1,,A+,yso,class II,flat,M4e,-102.2,11.2,-1.5,,0.71,new member,"b,c,f,k,l",65.1075,28.3231,164546038266077824,65.10769862890,28.32317240347,142.70025600,136.35093700,150.28854400,142.61483800,136.34608500,150.51057400,10033
1.245356,65.1075,28.278056,28,042025.8+281641,w,,,9.45,0.05,,9.39,0.05,,9.31,0.05,,9.31,0.05,,8.81,0.09,>,1.13,,>,-0.54,,,no,yes,no,no,,1,,B,yso,star,III,G2:,3.1,1.0,-0.2,,1.6E-4,needs add'l followup,b,65.1075,28.2781,164545351071767168,65.10786786912,28.27817730345,168.11210600,167.66503900,168.64587400,167.89650000,167.33218400,168.35456800,10033
1.194790,65.108333,28.068889,29,042026.0+280408,M,,,9.4,0.05,,9.03,0.05,,8.61,0.05,,7.02,0.05,,3.26,0.04,,0.85,0.22,>,0.42,,yes,yes,yes,yes,yes,,1,,A+,yso,class II,II,M2,-5.3,0.0,-0.7,,0.26,new member,"b,c,f,k,l",65.1083,28.0689,164445437248152832,65.10865183708,28.06906506380,127.16467300,126.90953800,127.48757900,127.24200400,126.99460600,127.48687000,10033
0.831511,65.28875,27.843333,30,042109.3+275036,M,,,9.96,0.05,,9.78,0.05,,9.6,0.05,,9.22,0.05,,7.17,0.05,>,1.53,,>,-1.65,,,yes,yes,yes,yes,,1,,A+,yso,class II,III,M3-4e,-17.6,0.0,-1.0,,0.02,new member,"b,c,f,k,l",65.2887,27.8433,152416436443721728,65.28900585646,27.84337955292,129.45819100,128.72464000,130.27194200,129.35087600,128.66272000,130.11279300,10033
1.527799,65.295417,25.883056,31,042110.9+255259,w,V412 Tau,<,6.62,,<,6.1,,,5.37,0.05,,5.17,0.05,,4.33,0.04,>,1.21,,>,0.02,,,yes,yes,,,,1,V412 Tau,B,,,III,A1,9.2,8.3,2.1,,7.1E-5,needs add'l followup,"b,l",65.2954,25.8831,150529811929875328,65.29580477961,25.88329763738,1383.86169000,1257.05762000,1517.19019000,,,,10000
0.529950,65.398333,25.643056,32,042135.6+253835,p,,,12.22,0.05,,12.18,0.06,,12.15,0.06,,11.5,0.06,,9.44,0.25,>,1.01,,>,-0.28,,,yes,no,no,no,,1,,B,not yso,star,III,F6-G0,3.1,1.2,-1.2,,0.0043,"possible,new member","b,n",65.3983,25.6431,150474870708253568,65.39837789386,25.64319753549,1402.55920000,1349.31726000,1456.50049000,1398.37329000,1346.35498000,1459.04968000,10033
0.174911,65.442917,24.418056,33,042146.3+242505,w,,,7.73,0.05,,7.8,0.05,,7.57,0.05,,7.43,0.05,,6.71,0.05,>,1.19,,>,1.12,,,yes,yes,no,no,,1,,B+,yso,star,III,M3,0.0,2.9,0.1,<,2.3E-4,needs add'l followup,"b,k",65.4429,24.4181,149492147830467968,65.44290227555,24.41810269977,3820.17212000,3365.11255000,4386.48145000,4939.52002000,4550.93799000,5445.66113000,10033
0.787745,65.50375,23.908333,35,042200.9+235430,w,,,7.74,0.05,,7.85,0.05,,7.66,0.05,,7.53,0.05,,7.01,0.05,>,1.24,,>,0.68,,,no,yes,no,no,,1,,B+,yso,star,III,M3,0.0,3.7,0.2,<,4.6E-5,needs add'l followup,"b,k,l",65.5037,23.9083,149271283433272320,65.50398878671,23.90834808099,4806.63428000,4264.14307000,5335.22119000,5319.25928000,4943.03369000,5658.74365000,10033
1.204640,65.55375,25.783056,36,042212.9+254659,w,,,12.58,0.05,,11.84,0.05,,11.2,0.06,,10.36,0.06,,7.24,0.05,>,1.21,,>,-0.14,,,no,no,yes-faint,yes,,1,,B-,yso,class II,flat,,,,,,,pending followup,"e,l",65.5537,25.7831,150477683908962048,65.55401584092,25.78328981911,1936.92249000,1281.43164000,3089.72998000,1518.08679000,1323.87573000,1757.01843000,10033
1.373749,65.565,26.951667,37,042215.6+265706,M,2MASS J04221568+2657060,,11.12,0.05,,10.55,0.05,,10.2,0.06,,9.75,0.05,,3.81,0.04,,-0.51,0.22,>,-1.95,,yes,yes,yes-faint,yes,yes,,1,2MASS J04221568+2657060,A+,yso,class II,I,K8-M0,-7.8,4.5,-1.5,,0.65,new member,"b,c,f,g,h,i,l",65.565,26.9517,152293359861143040,65.56542705251,26.95164042001,343.80169700,290.89913900,402.34576400,367.02624500,317.45318600,409.79724100,10033
0.759892,65.587083,26.713333,38,042220.9+264248,w,,,13.63,0.06,,12.59,0.06,,11.64,0.06,,10.56,0.06,,6.95,0.05,>,1.51,,>,-3.74,,,no,no,yes-faint,no,,1,,A,yso,embedded,I,,,,,,,pending followup,,65.5871,26.7133,152092729051743872,65.58705614528,26.71354271360,2363.85840000,1445.51746000,4154.64160000,4244.68408000,3606.37280000,5204.59033000,10033
1.323579,65.699167,26.764722,39,042247.8+264553,M,IRAS04196+2638,,8.07,0.05,,7.55,0.05,,7.14,0.05,,6.28,0.05,,3.23,0.04,,0.96,0.22,>,-0.49,,yes,yes,yes,yes,yes,"g,i",1,IRAS F04196+2638,A+,yso,class II,II,M1,,6.9,-0.4,,0.24,new member,"d,f,l",65.6992,26.7647,152098299625634816,65.69955909286,26.76460968539,153.78096000,152.33250400,155.47526600,153.48461900,151.87075800,154.82942200,10033
0.103007,65.7275,28.398333,40,042254.6+282354,P,NSV 1577,,7.39,0.05,,7.38,0.05,,7.32,0.05,,7.23,0.05,,4.81,0.04,,0.96,0.22,>,-1.02,,yes,yes,yes,no,no,,1,NSV 1577,A,yso,star,II,A0,10.0,1.5,1.4,,6.0E-4,"probable,new member","b,m",65.7275,28.3983,164559030544339584,65.72753224548,28.39833675794,182.43528700,181.56057700,183.21502700,182.58151200,181.74797100,183.28324900,10022
1.197039,65.775,28.021944,41,042306.0+280119,M,J04230607+2801194,,10.62,0.05,,10.31,0.05,,9.94,0.06,,9.34,0.05,,6.43,0.05,>,0.64,,>,0.31,,,yes,yes,yes,yes,i,1,2MASS J04230607+2801194,A+,yso,class II,II,M6,,0.0,-1.5,,0.1,new member,"f,l",65.775,28.0219,152516079683687680,65.77537447009,28.02197987319,128.35510300,127.32836900,129.64152500,128.81579600,127.46874200,129.88143900,10022
1.410115,65.897083,25.050556,44,042335.3+250302,M,FU Tau,,8.4,0.05,,7.92,0.05,,7.36,0.05,,6.71,0.05,,4.6,0.04,,2.39,0.22,>,-1.56,,yes,yes,yes,yes,yes,i,1,FU Tau,A+,yso,class II,II,M5e,-88.4,1.9,-0.7,,0.18,new member,"b,f,k,l",65.8971,25.0506,149629483705467008,65.89749725526,25.05066819065,126.40818800,125.41345200,127.44729600,126.35557600,125.15067300,127.63218700,10012
0.954296,65.95875,26.668333,46,042350.1+264006,w,FS 116,,10.69,0.05,,10.58,0.05,,10.47,0.06,,10.16,0.06,>,9.96,,>,1.14,,>,-1.04,,,,,yes,no,,1,FS 116,C,,star,III,G6-K2 w/Av,1.6,8.2,-0.6,<,0.0011,needs add'l followup,"b,o",65.9587,26.6683,152082803383627904,65.95884101694,26.66858529597,1356.58118000,1183.92883000,1553.72778000,1241.65222000,1100.11133000,1506.35266000,10033
0.975124,65.983333,24.451389,47,042356.0+242705,w,HD 283663,,9.42,0.05,,9.39,0.05,,9.34,0.05,,9.32,0.05,,8.3,0.09,>,1.09,,>,-0.71,,,yes,yes,no,no,,1,HD 283663,B,yso,star,III,A1,6.0,1.6,0.3,,1.2E-4,needs add'l followup,"b,n",65.9833,24.4514,149319318347334272,65.98363055273,24.45138806647,263.41366600,262.22979700,264.79589800,263.13650500,261.88845800,264.49368300,10013
0.246466,65.994167,24.795,48,042358.6+244742,w,,,10.91,0.05,,10.88,0.05,,10.86,0.06,,10.24,0.06,>,9.92,,>,1.28,,>,0.82,,,,,yes,no,,1,,B-,,star,III,K2,2.5,0.0,-1.0,,0.0052,needs add'l followup,b,65.9942,24.795,149609623776702464,65.99419447906,24.79506375635,1497.16333000,1033.29846000,2322.74170000,1106.40320000,843.00769000,1421.35852000,10033
0.392718,66.087083,26.514167,49,042420.9+263051,M,J04242090+2630511,,11.83,0.05,,11.45,0.05,,11.0,0.06,,10.4,0.06,,7.46,0.06,>,1.13,,>,-3.45,,,yes,no,yes-faint,yes,i,1,2MASS J04242090+2630511,A+,yso,class II,II,M6.5,,0.3,-1.9,,0.12,new member,"f,l",66.0871,26.5142,152029992465874560,66.08712011529,26.51406309032,127.48328400,125.68151100,129.63200400,127.27455900,125.18732500,129.72787500,10022
0.353915,66.096667,26.835556,50,042423.2+265008,p,,,9.46,0.05,,9.4,0.05,,9.32,0.05,,9.21,0.05,,7.87,0.07,>,0.82,,>,-0.57,,,yes,yes,no,no,,1,,A,yso,star,III,M3,-4.7,1.3,-0.7,,0.0019,"possible,new member","b,k,l",66.0967,26.8356,152109054223716480,66.09677518406,26.83557460507,152.49768100,151.67460600,153.44932600,152.45407100,151.37948600,153.49386600,10033
0.327743,66.314583,28.490833,51,042515.5+282927,M,,,9.89,0.05,,9.79,0.05,,9.71,0.05,,9.71,0.05,,9.31,0.2,>,0.81,,>,-0.24,,,yes,no,no,no,,1,,A+,yso,star,III,M6e,-23.5,0.0,-1.1,<,1.9E-4,new member,"b,k,l",66.3146,28.4908,152917298349085824,66.31467674263,28.49087173184,138.02459700,136.43064900,139.70997600,137.41958600,135.62068200,138.79151900,10022
1.361217,66.3275,25.926389,52,042518.6+255535,w,,<,6.62,,,6.61,0.05,,6.39,0.05,,6.24,0.05,,5.62,0.04,>,1.05,,>,0.28,,,yes,yes,no,,h,1,,B,,,III,M5,0.0,3.7,0.5,<,1.3E-4,needs add'l followup,"b,e,k",66.3275,25.9264,151243356318466816,66.32776085955,25.92668553298,2576.77808000,2326.57739000,2985.20288000,2624.94531000,2388.37256000,2924.93213000,10022
1.208712,66.329583,23.787778,53,042519.1+234716,w,HD 27923,,7.64,0.05,,7.63,0.05,,7.64,0.05,,7.65,0.05,,7.01,0.05,>,1.03,,>,-1.61,,,no,yes,no,no,,1,HD 27923,B-,yso,star,III,B9,8.6,0.1,1.2,,4.0E-5,needs add'l followup,"b,m,n",66.3296,23.7878,149222458245146112,66.32988097182,23.78797392899,211.21752900,208.61085500,213.22343400,211.54943800,208.60031100,214.37767000,10022
0.907453,66.495,27.616944,54,042558.8+273701,w,HD 283637,,9.13,0.05,,9.11,0.05,,9.04,0.05,,9.06,0.05,,8.43,0.1,>,1.01,,>,-2.68,,,no,yes,no,no,,1,HD 283637,B-,yso,star,III,B9,7.0,2.1,0.6,,3.5E-5,needs add'l followup,"b,n",66.495,27.6169,152266078227690752,66.49527043908,27.61702221952,422.11346400,418.69992100,424.86483800,422.49316400,418.71807900,425.51153600,10033
0.112175,66.8375,24.141389,56,042721.0+240829,w,,,13.3,0.14,,13.08,0.06,,13.11,0.08,,12.64,0.09,>,9.71,,>,1.0,,>,0.59,,,,,no,yes,,1,,C-,,star,III,G6,2.8,0.2,-1.8,,0.0042,needs add'l followup,"b,j,n",66.8375,24.1414,149326190294201088,66.83753372681,24.14139386900,1585.31628000,1494.83350000,1672.82629000,1608.10120000,1515.60620000,1697.83740000,10033
2.771855,66.8375,24.141389,56,042721.0+240829,w,,,13.3,0.14,,13.08,0.06,,13.11,0.08,,12.64,0.09,>,9.71,,>,1.0,,>,0.59,,,,,no,yes,,1,,C-,,star,III,G6,2.8,0.2,-1.8,,0.0042,needs add'l followup,"b,j,n",66.8375,24.1414,149326190293830144,66.83770334972,24.14213626433,1852.64758000,1611.18018000,2166.72754000,1810.93188000,1612.23792000,2073.26294000,10033
0.442915,66.867083,26.389722,57,042728.1+262323,w,,,12.75,0.08,,12.58,0.06,,12.51,0.06,,11.83,0.2,,10.17,0.26,>,0.92,,>,-2.33,,,yes,no,no,yes,,1,,C+,not yso,star,III,K1 w/ Av,1.3,0.0,-1.6,,0.007,needs add'l followup,"b,n",66.8671,26.3897,151286482086624256,66.86721258687,26.38976276286,1477.60291000,1404.94531000,1566.67017000,1443.28210000,1375.01550000,1529.94409000,10033
0.556442,67.043333,24.598056,59,042810.4+243553,w,,,13.55,0.06,,12.53,0.06,,11.63,0.06,,10.54,0.08,,7.49,0.06,>,1.05,,,,,,,no,yes-faint,no,,0,,C,not yso,embedded,flat,,,,,,,pending followup,,67.0433,24.5981,149377828684036736,67.04331543137,24.59820973965,1146.34875000,643.38336200,3032.26782000,6447.42188000,5659.35303000,7502.57520000,20033
0.847155,67.239167,24.601944,60,042857.4+243607,w,,,10.4,0.05,,10.38,0.05,,10.25,0.06,,10.2,0.06,,8.88,0.14,>,1.1,,>,1.85,,,yes,no,no,no,,1,,A,yso,star,III,,,,,,,pending followup,c,67.2392,24.6019,149371304630240640,67.23938224063,24.60207467828,2417.33130000,1972.91235000,2914.29199000,2407.67725000,2086.35229000,2879.44653000,10032
1.399889,67.262083,24.527778,61,042902.9+243140,w,,,7.78,0.05,,7.68,0.05,,7.5,0.05,,7.46,0.05,,7.4,0.06,>,1.05,,>,-1.56,,,yes,no,no,no,,1,,C-,yso,star,III,,,,,,,pending followup,c,67.2621,24.5278,149367830000033536,67.26250542898,24.52783730581,537.15191700,489.58200100,597.56860400,,,,10000
0.355013,67.3175,28.940833,63,042916.2+285627,w,HD 283629,,9.2,0.05,,9.19,0.05,,9.16,0.06,,9.11,0.05,,8.55,0.11,>,1.09,,,,,,no,yes,no,no,,1,HD 283629,B+,yso,star,III,G6,2.5,0.5,-0.1,,1.5E-4,needs add'l followup,b,67.3175,28.9408,153001307909276928,67.31758578311,28.94089694741,152.98770100,150.62147500,154.97375500,153.30232200,151.46234100,155.02215600,10033
0.513612,67.336667,27.701944,64,042920.8+274207,p,IRAS 04262+2735,,6.67,0.05,,6.59,0.05,,6.22,0.05,,5.04,0.05,,3.02,0.04,>,1.01,,>,-0.85,,,yes,yes,yes,no,g,1,IRAS 04262+2735,A,yso,class II,II,M6,0.0,4.0,0.4,,0.04,"possible,new member","b,c,d,e,k,o",67.3367,27.7019,152584519986221696,67.33680707687,27.70201452315,3204.63599000,2735.03125000,3681.49048000,3052.83325000,2631.04517000,3725.36157000,10022
1.053985,67.4,24.598611,66,042936.0+243555,M,J04293606+2435556,,8.04,0.05,,7.72,0.05,,7.47,0.05,,6.98,0.05,,4.19,0.04,,1.21,0.22,>,-1.75,,yes,yes,yes,yes,yes,i,1,2MASS J04293606+2435556,A+,yso,class II,II,M3,,6.6,-0.1,,0.048,new member,"f,g,h,l",67.4,24.5986,149369139966814976,67.40031209025,24.59868306096,129.97433500,129.31062300,130.55268900,129.91700700,129.37536600,130.51849400,10033
1.192068,67.457917,28.714722,67,042949.9+284253,w,,,13.25,0.06,,12.57,0.06,,11.82,0.06,,10.79,0.06,,7.46,0.06,>,1.12,,>,-0.7,,,no,no,no,yes,,1,,C-,not yso,class II,flat,,,,,,,pending followup,,67.4579,28.7147,152982959808341504,67.45829158788,28.71476347724,2222.83887000,1423.78687000,3659.59717000,2288.39648000,2007.38196000,2854.90747000,10033
0.693446,67.519583,28.551667,68,043004.7+283306,w,,,9.47,0.05,,9.51,0.05,,9.48,0.05,,9.37,0.05,,8.63,0.12,>,0.95,,>,-2.55,,,no,yes,no,no,,1,,B+,yso,star,III,K2,1.6,1.3,-0.4,,3.6E-4,needs add'l followup,b,67.5196,28.5517,152698907851726208,67.51966450702,28.55184582432,1286.98914000,1258.90991000,1314.65649000,1287.98523000,1261.99036000,1320.80981000,10033
0.728328,67.600417,28.321111,69,043024.1+281916,w,,,6.92,0.05,,6.92,0.05,,6.75,0.05,,6.55,0.05,,5.84,0.04,>,1.06,,>,-0.49,,,yes,yes,no,no,h,1,,B,yso,star,III,M5,0.0,5.1,0.5,<,9.6E-5,needs add'l followup,"b,e,k",67.6004,28.3211,152679868260888320,67.60060649118,28.32122547819,4266.04932000,3681.32153000,4910.54297000,4254.94434000,3538.57788000,5158.00537000,10022
1.462207,67.6425,25.4075,70,043034.2+252427,w,,,13.64,0.06,,13.56,0.06,,13.42,0.09,,13.38,0.13,,9.46,0.27,>,0.75,,>,-0.93,,,yes-faint,no,no,no,,1,,B+,not yso,star,II,G5-G6 w/ Av,2.7,2.3,-1.9,,0.0085,needs add'l followup,"b,n",67.6425,25.4075,150931958305673216,67.64284360356,25.40776199926,971.46130400,900.23284900,1031.10876000,940.69226100,888.46527100,1012.30475000,10033
1.144000,67.678333,27.724722,71,043042.8+274329,w,,,7.07,0.05,,7.06,0.05,,6.79,0.05,,6.74,0.05,,6.17,0.05,>,0.95,,>,-1.02,,,yes,yes,no,no,i,1,,B+,yso,star,III,M6,0.0,3.6,0.1,<,3.2E-4,needs add'l followup,"b,e,k",67.6783,27.7247,152576587183322880,67.67852779859,27.72498892549,4341.95166000,3541.93066000,5378.64209000,5369.22656000,5218.94775000,5560.53320000,10012
1.303588,67.68625,26.552222,72,043044.7+263308,w,,,7.33,0.05,,7.35,0.05,,7.29,0.05,,7.21,0.05,,6.91,0.05,,2.29,0.22,>,-1.1,,yes,no,no,no,no,,1,,B+,yso,star,III,K3,1.1,2.2,0.5,,8.9E-4,needs add'l followup,"b,l",67.6862,26.5522,151347264463259008,67.68662848671,26.55235043208,159.87731900,159.32017500,160.67234800,159.97956800,159.26236000,160.61788900,10033
1.198505,67.880833,23.006944,73,043131.4+230025,w,,,10.31,0.05,,10.34,0.05,,10.31,0.06,,9.92,0.06,>,9.41,,>,0.99,,>,-0.57,,,,,yes,no,,1,,B-,,star,III,K2,1.5,1.7,-0.7,,0.0027,needs add'l followup,b,67.8808,23.0069,145968346205221760,67.88095694682,23.00725675941,202.16537500,200.91450500,203.49072300,202.00042700,200.79914900,203.31086700,10033
0.622314,67.887917,29.482222,74,043133.1+292856,w,,,9.56,0.05,,9.48,0.05,,9.49,0.05,,9.47,0.05,,8.82,0.14,>,0.99,,>,1.65,,,no,yes,no,no,,1,,B-,yso,star,III,B9 w/ Av,10.7,2.6,0.5,,3.3E-5,needs add'l followup,"b,n",67.8879,29.4822,153046830265937280,67.88806607393,29.48233620197,397.47079500,395.16583300,400.01385500,397.20919800,394.61526500,399.53732300,10033
0.592665,67.921667,29.656111,75,043141.2+293922,w,,,12.76,0.06,,12.31,0.06,,12.65,0.07,,11.7,0.06,>,10.63,,>,1.05,,>,0.57,,,,,no,yes,,1,,C-,,star,III,K2,1.2,1.4,-1.7,,0.011,needs add'l followup,"b,j,n",67.9217,29.6561,159056627681240448,67.92184600718,29.65616489011,757.02478000,723.31274400,790.96307400,759.20050000,733.76483200,795.03009000,10033
0.664390,67.9375,28.985556,76,043145.0+285908,w,,,10.96,0.05,,10.96,0.05,,10.93,0.06,,10.81,0.06,,8.76,0.12,>,1.14,,>,-0.7,,,yes,no,no,no,,1,,B,not yso,star,III,F0,1.1,1.3,-0.6,,0.001,needs add'l followup,"b,n",67.9375,28.9856,152829371778091392,67.93769940679,28.98561628366,464.72518900,461.05337500,469.42257700,463.10437000,459.72366300,466.93508900,10033
0.742710,68.056667,25.296111,77,043213.6+251746,w,GSC 01833-00754,,9.65,0.05,,9.63,0.05,,9.59,0.05,,9.57,0.05,,8.95,0.15,>,1.02,,>,-0.49,,,no,yes-faint,no,no,,1,GSC 01833-00754,C+,yso,star,III,A9,6.4,1.3,0.0,,8.2E-5,needs add'l followup,"b,n",68.0567,25.2961,150918244474029568,68.05688351342,25.29604585265,544.03698700,539.87835700,549.12640400,543.99536100,538.23992900,549.65362500,10033
0.352328,68.060833,22.628333,78,043214.6+223742,w,,,13.86,0.06,,12.7,0.06,,11.64,0.06,,10.52,0.06,,7.32,0.05,>,1.02,,>,0.24,,,,no,yes-faint,no,,1,,C,not yso,embedded,flat,,,,,,,pending followup,,68.0608,22.6283,145849839467989632,68.06078242846,22.62841902012,2029.86755000,1451.54407000,2840.54932000,2279.41577000,1943.49988000,2882.70923000,10033
0.959688,68.100417,22.852222,79,043224.1+225108,M,,,10.04,0.05,,9.69,0.05,,9.28,0.05,,8.49,0.05,,6.11,0.04,>,1.43,,>,0.63,,,yes,yes,yes,yes,,1,,A+,yso,class II,II,M5e,-14.4,1.5,-1.0,,0.064,new member,"b,c,f,k",68.1004,22.8522,145950895754320384,68.10070606855,22.85223234248,158.10672000,156.91500900,159.19776900,158.41340600,157.14611800,159.64181500,10033
0.573266,68.104583,26.792222,80,043225.1+264732,w,,,11.08,0.05,,11.06,0.05,,11.01,0.06,,10.48,0.06,,10.18,0.27,>,1.0,,>,-1.43,,,yes,no,yes-faint,no,,1,,B-,not yso,star,III,K1 w/ Av,1.3,3.1,-0.9,,0.0017,needs add'l followup,b,68.1046,26.7922,151721132776489216,68.10474971018,26.79227867564,3428.17261000,3073.02783000,3846.47827000,3188.34766000,2959.54248000,3459.98145000,10033
1.012591,68.117083,27.189444,81,043228.1+271122,w,,,6.81,0.05,,6.79,0.05,,6.57,0.05,,6.42,0.05,,5.91,0.04,>,0.72,,>,-0.59,,,yes,yes,no,no,h,1,,B,yso,star,III,M6,0.0,7.0,0.5,<,4.0E-5,needs add'l followup,"b,e,k",68.1171,27.1894,151747967732134912,68.11726382666,27.18967474802,5553.93555000,4368.41943000,7039.40479000,,,,10000
1.255381,68.205417,22.885556,83,043249.3+225308,M,,,8.49,0.05,,8.18,0.05,,7.77,0.05,,7.05,0.06,,,,,,,>,-0.86,,,,,yes,yes,,1,,A+,,class II,II,early K,-25.9,7.1,0.0,,0.03,new member,"a,b,f,j,o",68.2054,22.8856,145951789107603072,68.20579457252,22.88553144460,162.81384300,159.09945700,166.24128700,161.06201200,158.26574700,164.28698700,10022
0.738980,68.235,22.395,84,043256.4+222342,w,HD 284481,,9.06,0.05,,9.05,0.05,,9.01,0.05,,9.03,0.05,,8.45,0.11,>,1.03,,>,-1.74,,,no,yes,no,no,,1,HD 284481,B-,yso,star,III,A8,6.5,1.0,0.3,,6.4E-5,needs add'l followup,"b,n",68.235,22.395,145091730497092352,68.23519147930,22.39510389579,242.79365500,241.89369200,243.80252100,243.26498400,242.10997000,244.41052200,10033
0.867331,68.2675,29.363611,85,043304.2+292149,w,HD 282276,,7.99,0.05,,7.92,0.05,,7.83,0.06,,7.17,0.06,,3.02,0.04,>,-0.35,,,-4.73,0.34,,yes,yes,yes,no,,1,HD 282276,A,yso,star,II,B8V,5.7,,,,,needs add'l followup,"c,m",68.2675,29.3636,158846277362322816,68.26762879947,29.36382417707,435.44177200,425.78048700,444.21167000,435.96011400,425.13098100,444.58819600,10033
1.037428,68.3025,29.213889,86,043312.6+291250,w,HD 282277,,8.73,0.05,,8.68,0.05,,8.7,0.05,,8.64,0.05,,7.98,0.08,>,0.95,,>,0.29,,,no,yes,no,no,,1,HD 282277,B,yso,star,III,A7V,6.9,,,,,needs add'l followup,,68.3025,29.2139,152836415524492672,68.30282233116,29.21395142508,202.28356900,201.74153100,202.82472200,202.24014300,201.72670000,202.85975600,10033
0.406322,68.359167,22.758056,88,043326.2+224529,P,2MASS J04332621+2245293,,9.56,0.05,,9.46,0.05,,9.38,0.05,,9.33,0.05,,8.46,0.08,,1.94,0.22,>,-1.45,,yes-faint,yes,yes,no,no,,1,2MASS J04332621+2245293,A,yso,star,II,M4,-6.8,5.9,-0.6,,0.015,"probable,new member","b,c,f,g,k",68.3592,22.7581,145196252820109440,68.35928937175,22.75805374816,157.24282800,154.56097400,159.97561600,156.80072000,153.93119800,160.45742800,10020
0.657056,68.424167,22.643333,90,043341.8+223836,w,,,11.1,0.05,,11.01,0.05,,11.01,0.06,,10.51,0.06,>,9.86,,>,1.08,,>,-0.71,,,,,yes-faint,no,,1,,B-,,star,III,K2 w/ Av,0.7,4.9,-0.9,<,0.0021,needs add'l followup,b,68.4242,22.6433,145191614255430400,68.42428513159,22.64347937372,174.45430000,172.96394300,175.98144500,173.94660900,172.51654100,175.31755100,10033
0.929730,68.435833,26.25,91,043344.6+261500,M,,,8.79,0.05,,8.24,0.05,,7.8,0.05,,7.15,0.05,,4.56,0.04,,1.85,0.22,>,-1.48,,yes,yes,yes,yes,yes,h,1,,A+,yso,class II,II,M6e,-82.2,5.4,-0.6,,0.13,new member,"b,c,e,f,k,l",68.4358,26.25,151129011404806912,68.43611706542,26.25004230145,160.13273600,156.17634600,163.33749400,,,,10000
1.573184,68.496667,29.61,94,043359.2+293636,w,,,7.16,0.05,,7.24,0.05,,7.05,0.05,,6.94,0.05,,6.38,0.05,>,0.84,,>,-1.17,,,yes,yes,no,no,,1,,B+,yso,star,III,M3 w/Av,0.0,5.5,0.4,<,8.0E-5,needs add'l followup,"b,k",68.4967,29.61,159044533053417728,68.49707609394,29.61025389862,4086.01514000,3417.00684000,4836.90283000,5114.19287000,4571.61914000,5761.05420000,10022
1.181067,68.58125,26.869444,95,043419.5+265210,w,,,11.84,0.05,,11.76,0.05,,11.68,0.06,,11.46,0.06,,8.88,0.14,>,0.95,,>,-0.6,,,yes,no,no,no,,1,,A,not yso,star,III,,,,,,,pending followup,c,68.5812,26.8694,151537819277065600,68.58161226393,26.86950060822,742.91259800,700.15533400,787.90637200,744.79058800,704.52191200,780.45471200,10033
1.386730,68.5825,23.446944,96,043419.8+232649,w,HD 284530,,8.22,0.05,,8.22,0.05,,8.18,0.05,,8.18,0.05,,7.46,0.06,>,0.67,,>,-0.97,,,no,yes,no,no,,1,HD 284530,B-,yso,star,III,B8,7.7,1.9,1.2,,3.8E-5,needs add'l followup,"b,m,n",68.5825,23.4469,146008242157540480,68.58289254666,23.44708069314,306.18649300,302.28060900,311.46240200,305.48706100,300.77691700,310.30026200,10033
1.147761,68.6475,26.735,97,043435.4+264406,w,,<,6.62,,,6.64,0.05,,6.45,0.05,,6.22,0.05,,4.84,0.04,>,1.07,,>,-0.91,,,yes,yes,yes,,h,1,,B-,,,III,M3,1.4,5.8,0.6,,0.001,needs add'l followup,"b,e,k",68.6475,26.735,151532703971044352,68.64785343144,26.73504487562,3983.21436000,3061.00293000,4995.03125000,3492.12915000,2931.65430000,4238.00098000,10021
0.669317,68.71875,24.045556,98,043452.5+240244,w,,,11.49,0.05,,11.46,0.05,,11.4,0.06,,11.05,0.06,,8.81,0.18,>,1.42,,>,-1.43,,,yes,no,yes-faint,no,,1,,B+,not yso,star,III,K2 w/ Av,1.6,4.4,-1.1,,0.0038,needs add'l followup,b,68.7187,24.0456,147579925309896448,68.71874573365,24.04574188070,1023.99622000,972.98010300,1083.47876000,1029.74500000,976.03460700,1098.04297000,10033
0.775703,68.737083,22.976389,99,043456.9+225835,M,2MASS J04345693+2258358,,9.05,0.05,,9.06,0.05,,8.95,0.05,,8.93,0.05,,8.31,0.08,>,1.26,,>,-0.89,,,no,yes,no,no,,1,2MASS J04345693+2258358,A+,yso,star,III,M0,-4.5,1.8,-0.5,,2.3E-4,new member,"b,f,g,i",68.7371,22.9764,145225596036660224,68.73727083265,22.97651754360,161.40843200,160.93844600,161.90011600,161.35754400,160.84019500,161.77925100,10033
0.740614,68.925,22.872778,101,043542.0+225222,M,2MASS J04354203+2252226,,9.69,0.05,,9.56,0.05,,9.5,0.05,,9.5,0.05,,8.98,0.12,>,1.07,,>,-0.55,,,yes,yes-faint,no,no,,1,2MASS J04354203+2252226,A+,yso,star,III,M5e,-18.6,2.1,-0.8,<,1.4E-4,new member,"b,f,g,i,k",68.925,22.8728,145212711134828672,68.92519786534,22.87287332775,162.68896500,160.97375500,164.38565100,162.19250500,160.59668000,163.75473000,10022
1.596145,68.9975,22.641389,103,043559.4+223829,M,,,12.41,0.06,,11.72,0.06,,10.87,0.06,,9.57,0.06,,5.22,0.04,,2.22,0.22,>,2.35,,yes,yes,yes-faint,yes-faint,yes,,1,,A+,yso,class II,flat,K7-M0,-1.7,2.0,-2.0,,0.53,new member,b,68.9975,22.6414,145157937416226176,68.99797802843,22.64134503013,147.67288200,144.59721400,151.36561600,149.24763500,145.14227300,154.47399900,10033
1.229661,69.089167,27.32,104,043621.4+271912,p,,,12.62,0.05,,12.62,0.06,,12.56,0.06,,12.38,0.07,,8.11,0.08,>,0.79,,>,-0.87,,,yes,no,no,no,,1,,A-,yso,star,II,K2e,0.8,2.6,-1.5,,0.012,"possible,new member","b,n o",69.0892,27.32,151669043414022528,69.08950189359,27.32016775807,392.31543000,383.89862100,399.84201000,390.22924800,382.17700200,397.00445600,10033
0.362064,69.089583,23.854444,105,043621.5+235116,M,J04362151+2351165,,11.78,0.05,,11.53,0.05,,11.12,0.06,,10.55,0.06,,7.74,0.07,>,1.06,,>,-1.09,,,yes,no,yes-faint,yes,i,1,2MASS J04362151+2351165,A+,yso,class II,II,M5.25,,0.1,-1.8,,0.065,new member,"c,f",69.0896,23.8544,147546080967742720,69.08963499979,23.85453261847,113.87743400,112.91629000,114.87856300,113.64606500,112.75951400,114.60527000,10033
1.251187,69.150417,26.986111,106,043636.1+265910,w,,,11.59,0.05,,11.64,0.05,,11.61,0.06,,10.87,0.06,>,10.6,,>,1.05,,>,-1.2,,,,,yes-faint,no,,1,,B,,star,III,K2,1.0,1.1,-1.4,,0.0078,needs add'l followup,b,69.1504,26.9861,151552044208328192,69.15079975072,26.98617778226,294.35739100,288.78949000,298.44464100,294.17355300,290.12014800,298.57934600,10033
0.416816,69.336667,25.005278,108,043720.8+250019,w,,,9.73,0.05,,9.72,0.06,,9.66,0.05,,9.63,0.05,,8.84,0.15,>,1.01,,>,-0.23,,,no,yes-faint,no,no,,1,,B+,yso,star,III,G0,3.5,0.8,-0.3,,3.5E-4,needs add'l followup,b,69.3367,25.0053,147763234513728384,69.33676275767,25.00535464438,760.55975300,562.74371300,1228.88794000,563.79913300,441.93115200,804.79675300,10033
1.046666,69.353333,27.155278,109,043724.8+270919,M,SV* SVS 1085,,9.45,0.05,,9.3,0.05,,9.07,0.05,,8.73,0.05,,7.32,0.05,>,1.01,,>,-1.38,,,yes,yes,yes,no,,1,SV* SVS 1085,B,yso,class II,III,B8e,-20.4,2.3,0.7,,5.6E-4,background Be,"b,c",69.3533,27.1553,151648702448907008,69.35361698645,27.15542180968,1070.17859000,1046.77075000,1098.45312000,1058.27869000,1036.75781000,1080.62036000,10033
0.898217,69.48625,25.772778,110,043756.7+254622,M,ITG 1,,12.03,0.05,,11.42,0.05,,10.73,0.06,,9.83,0.05,,7.16,0.05,>,0.67,,>,-1.17,,,yes,yes-faint,yes-faint,yes,"g,i",1,ITG 1,A+,yso,class II,II,,,,,,,new member,"c,d,f",69.4862,25.7728,148369409017865984,69.48630112053,25.77302322112,982.56189000,904.19122300,1052.34009000,962.13232400,872.58776900,1053.32935000,10033
0.461860,69.507917,25.323889,111,043801.9+251926,M,,,11.87,0.05,,11.76,0.05,,11.58,0.06,,10.98,0.06,,8.82,0.12,>,0.88,,>,-2.12,,,yes,no,yes-faint,no,,1,,A+,not yso,star,II,K8,-1.9,3.3,-1.6,,0.015,new member,"b,c",69.5079,25.3239,147963242551254144,69.50802984735,25.32396681265,351.10089100,334.44647200,367.91992200,351.16015600,336.61297600,366.04568500,10033
1.289751,69.507917,25.323889,111,043801.9+251926,M,,,11.87,0.05,,11.76,0.05,,11.58,0.06,,10.98,0.06,,8.82,0.12,>,0.88,,>,-2.12,,,yes,no,yes-faint,no,,1,,A+,not yso,star,II,K8,-1.9,3.3,-1.6,,0.015,new member,"b,c",69.5079,25.3239,147963238259391232,69.50802562319,25.32423354734,441.93087800,395.35623200,522.25622600,,,,10099
0.711127,69.515,22.206389,112,043803.6+221223,w,,,11.46,0.05,,11.47,0.05,,11.46,0.06,,10.81,0.06,,10.85,0.33,>,1.09,,>,0.43,,,no,no,yes-faint,no,,1,,C-,not yso,star,III,G0,3.2,0.3,-1.0,,0.002,needs add'l followup,"b,n",69.515,22.2064,144930548963437696,69.51519906163,22.20646009751,463.89498900,460.03936800,467.64373800,464.10470600,460.40325900,467.67453000,10033
1.505898,69.56875,26.247222,113,043816.5+261450,w,,,9.45,0.05,,9.36,0.05,,9.17,0.05,,9.14,0.05,,9.0,0.14,>,0.67,,>,-0.3,,,yes,no,no,no,,1,,C-,yso,star,III,,,,,,,pending followup,c,69.5687,26.2472,148463211103036544,69.56921538200,26.24724952793,1324.89709000,864.56414800,1948.47229000,637.13421600,570.51910400,751.35180700,10031
1.662693,69.61125,26.916944,114,043826.7+265501,w,,,9.8,0.05,,9.81,0.05,,9.77,0.05,,9.78,0.05,,9.05,0.15,>,1.01,,>,1.08,,,no,yes-faint,no,no,,1,,B+,yso,star,III,G6-K2,1.8,1.0,-0.4,,1.9E-4,needs add'l followup,b,69.6112,26.9169,151582937909912576,69.61174920599,26.91682079954,151.27171300,150.91207900,151.67459100,151.24327100,150.81932100,151.72949200,10033
0.689748,69.89,23.989167,116,043933.6+235921,M,J04393364+2359212,,9.63,0.05,,9.22,0.05,,8.85,0.05,,7.88,0.05,,5.22,0.04,>,0.92,,>,-1.92,,,yes,yes,yes,yes,i,1,2MASS J04393364+2359212,A+,yso,class II,II,M5,,1.3,-1.0,,0.15,new member,f,69.89,23.9892,146881048231272192,69.89020663566,23.98913430861,125.91616100,124.97981300,126.77544400,126.27371200,125.55577900,127.18616500,10033
0.825044,69.91625,25.342778,117,043939.9+252034,w,JH 225,,8.6,0.05,,8.6,0.05,,8.5,0.05,,8.53,0.05,,7.66,0.06,>,0.74,,>,-1.5,,,yes,yes,no,no,h,1,JH 225,B-,yso,star,III,B9 w/ Av,10.5,4.1,0.9,,5.0E-5,needs add'l followup,"b,e,n",69.9162,25.3428,148153698580075648,69.91649897748,25.34282147946,269.16900600,267.97403000,270.17587300,268.98999000,267.64416500,270.35644500,10033
1.085442,69.9325,27.332222,118,043943.8+271956,w,,,11.19,0.05,,11.25,0.05,,11.14,0.06,,10.81,0.06,>,9.99,,,,,>,0.47,,,,,yes-faint,no,,1,,C,,star,III,K0-K2,1.2,2.5,-0.9,<,0.0014,needs add'l followup,b,69.9325,27.3322,151636229863976576,69.93280280448,27.33235819395,6328.10352000,5587.33838000,7230.87695000,7143.39990000,6215.61133000,8279.82422000,10033
1.254782,69.936667,26.031111,119,043944.8+260152,M,ITG 15,,8.47,0.05,,8.13,0.05,,7.69,0.05,,7.04,0.05,,3.96,0.04,,1.32,0.22,>,-2.26,,yes,yes,yes,yes,yes,"g,i",1,ITG 15,A+,yso,class II,II,M5,,4.4,-0.3,,0.072,new member,"d,f,l",69.9367,26.0311,148400229703257856,69.93703900744,26.03120974927,138.32296800,137.27037000,139.40425100,137.97168000,136.96618700,139.29284700,10022
2.956578,69.936667,26.031111,119,043944.8+260152,M,ITG 15,,8.47,0.05,,8.13,0.05,,7.69,0.05,,7.04,0.05,,3.96,0.04,,1.32,0.22,>,-2.26,,yes,yes,yes,yes,yes,"g,i",1,ITG 15,A+,yso,class II,II,M5,,4.4,-0.3,,0.072,new member,"d,f,l",69.9367,26.0311,148400225409163776,69.93648416504,26.03191567205,145.96646100,119.72133600,185.46279900,135.71867400,118.20153800,165.72639500,10033
1.134859,70.0025,23.9725,120,044000.6+235821,M,J04400067+2358211,,10.89,0.05,,10.64,0.05,,10.35,0.06,,9.7,0.06,,6.4,0.05,>,0.78,,>,1.15,,,yes,yes-faint,yes,yes,i,1,2MASS J04400067+2358211,A+,yso,class II,II,M6,,0.0,-1.5,,0.096,new member,f,70.0025,23.9725,146874275068113664,70.00283671431,23.97243133530,125.65881300,124.29082500,126.80376400,125.52736700,124.36554000,126.70495600,10022
1.114557,70.095,24.551944,121,044022.8+243307,M,,,13.06,0.06,,12.25,0.06,,11.43,0.06,,10.46,0.06,,6.52,0.05,>,0.83,,>,-0.91,,,no,no,yes-faint,yes,,1,,,yso,embedded,I,,,,,,,Xgal,c,70.095,24.5519,147679117579464064,70.09514390133,24.55222456983,1324.24792000,872.97766100,2090.49878000,3327.99805000,2785.70386000,3976.48779000,10033
0.507620,70.095833,25.950556,122,044023.0+255702,w,,,10.68,0.05,,10.63,0.05,,10.57,0.06,,10.43,0.06,,9.36,0.22,>,0.92,,>,-1.37,,,yes,no,no,no,,1,,B-,yso,star,III,G0,1.0,7.4,-0.5,,2.2E-4,needs add'l followup,l,70.0958,25.9506,148386657606601984,70.09589881674,25.95068398540,3235.71362000,2763.79907000,4007.71777000,2618.09448000,2413.14551000,2898.62573000,10033
1.430373,70.201667,23.661389,123,044048.4+233941,p,,,13.52,0.06,,,,,13.55,0.08,,,,,9.35,0.2,>,1.12,,>,-0.74,,,yes-faint,,,,,1,,A-,,,II,K0,0.8,2.1,-1.9,,0.012,"possible,new member","b,n",70.2017,23.6614,146810335889850112,70.20207007271,23.66153586181,708.91503900,662.68139600,755.75518800,686.85516400,641.48181200,727.79254200,10033
1.358068,70.67125,24.688056,127,044241.1+244117,w,CCDM J04427+2441AB,,7.61,0.05,,7.55,0.05,,7.54,0.05,,7.52,0.05,,6.9,0.05,>,1.06,,>,-1.45,,,no,yes,no,no,,1,CCDM J04427+2441AB,B+,yso,star,III,A0,9.8,,,,,needs add'l followup,l,70.6712,24.6881,147308616520354688,70.67163874194,24.68818849251,245.26973000,242.45977800,247.33618200,244.25117500,242.43739300,246.28720100,10033
0.907967,70.724583,25.619167,128,044253.9+253709,w,,,12.84,0.06,,12.79,0.06,,12.61,0.07,,12.48,0.08,,9.64,0.24,>,1.01,,>,0.95,,,yes,no,no,no,,1,,B,not yso,star,III,F5,3.3,2.2,-1.5,,0.0043,needs add'l followup,n,70.7246,25.6192,148219905500843648,70.72477522790,25.61935021666,1955.85522000,1745.16553000,2205.28809000,1919.08472000,1716.51587000,2128.07495000,10033
2.556039,70.854583,25.951667,130,044325.1+255706,w,,,9.35,0.05,,9.33,0.05,,9.2,0.05,,9.17,0.05,,8.59,0.12,>,0.87,,>,-0.81,,,no,yes,no,no,,1,,B+,yso,star,III,K7-M0,0.5,0.2,-0.5,,2.0E-4,needs add'l followup,"b,l",70.8546,25.9517,148279416567586688,70.85536136644,25.95154748210,69.36842350,69.29400630,69.43060300,69.35143280,69.28976440,69.40962980,10033
1.061889,70.93875,24.652222,131,044345.3+243908,w,TYC 1834-591-1,,9.49,0.05,,9.46,0.05,,9.42,0.05,,9.43,0.05,,8.31,0.09,>,1.04,,>,0.07,,,yes,yes,no,no,,1,TYC 1834-591-1,B,yso,star,III,,,,,,,pending followup,"c,m",70.9387,24.6522,147294464602944256,70.93896305855,24.65244450985,1533.00439000,1406.44348000,1695.57373000,1440.71887000,1349.68433000,1542.36792000,10033
0.367103,70.992917,23.850833,132,044358.3+235103,w,,,6.85,0.05,,6.73,0.05,,6.23,0.05,,6.19,0.05,,6.1,0.04,>,0.81,,>,0.05,,,no,no,yes,no,,1,,C-,yso,star,III,M3,1.4,3.7,0.8,<,9.5E-6,needs add'l followup,"b,k",70.9929,23.8508,146646646096360448,70.99297306706,23.85092114180,2487.23218000,2340.89136000,2666.40820000,2506.99292000,2360.62866000,2685.22070000,10033
0.422222,71.325833,24.41,133,044518.2+242436,w,HD 30067,,7.99,0.05,,8.02,0.05,,7.96,0.06,,7.95,0.05,,7.39,0.06,>,0.6,,>,-0.65,,,no,yes,no,no,,1,HD 30067,B+,yso,star,III,A4V,10.6,,,,,needs add'l followup,"l,m",71.3258,24.41,147248216395196672,71.32582460229,24.41011703426,160.59297200,160.16578700,161.05523700,160.53759800,159.98548900,160.99748200,10021
1.001825,71.415833,25.284444,134,044539.8+251704,w,,,8.28,0.05,,8.33,0.05,,8.08,0.05,,8.0,0.05,,7.31,0.05,>,1.02,,>,-0.35,,,yes,yes,no,no,h,1,,B,yso,star,III,M5,0.0,4.9,-0.1,<,7.3E-5,needs add'l followup,"b,c,e,k,l",71.4158,25.2844,147437023157369344,71.41610069258,25.28458131590,4576.81201000,3896.65674000,5965.87744000,4932.49121000,4026.18164000,5918.46582000,10022
0.963091,71.46125,25.746667,135,044550.7+254448,M,,,12.91,0.06,,11.94,0.05,,11.05,0.06,,10.09,0.06,,6.82,0.05,>,1.06,,>,-1.01,,,no,no,yes-faint,yes,,1,,,yso,embedded,flat,,,,,,,Xgal,c,71.4612,25.7467,148234370950815104,71.46151923141,25.74677996924,2932.85425000,1895.83582000,4269.88135000,3175.56958000,2674.19336000,3879.64404000,10033
1.064589,71.482083,26.316111,136,044555.7+261858,p,,,10.99,0.05,,11.04,0.05,,10.91,0.06,,10.79,0.06,,9.0,0.16,,2.4,0.22,>,-0.43,,yes-faint,yes,no,no,no,,1,,A,not yso,star,II,K4,1.3,2.4,-1.0,,0.021,"possible,new member","b,c",71.4821,26.3161,154272102832530560,71.48231005399,26.31632554246,4704.34619000,4292.33984000,5313.38770000,4703.84619000,4183.99365000,5691.57910000,10033
0.617440,71.4875,24.678333,137,044557.0+244042,w,,,13.12,0.06,,12.94,0.06,,12.62,0.07,,12.12,0.07,>,10.06,,>,0.82,,>,-0.13,,,,,no,yes,,1,,B-,,class II,III,K2,1.5,1.8,-1.9,,0.015,needs add'l followup,"b,e,n",71.4875,24.6783,147263158586255104,71.48767488142,24.67839752972,727.95019500,680.95892300,767.50775100,706.26825000,663.14367700,746.50805700,10033
1.098394,71.54,24.876944,138,044609.6+245237,p,,,12.78,0.06,,12.69,0.06,,12.53,0.07,,12.43,0.07,,9.19,0.21,>,0.87,,>,-1.49,,,yes,no,no,no,,1,,A-,not yso,star,II,early G,2.4,5.4,-1.4,,0.0043,"possible,new member","b,c,n",71.54,24.8769,147371396057182592,71.54027404354,24.87712086703,1612.34204000,1353.41077000,2154.88232000,1609.33545000,1346.03687000,1921.42786000,10033
1.046336,71.665833,24.423889,139,044639.8+242526,w,,<,6.62,,<,6.1,,,5.44,0.05,,5.27,0.05,,4.41,0.04,>,1.1,,>,0.12,,,yes,yes,,,h,1,,C-,,,III,M5,0.0,4.5,1.0,<,1.8E-4,needs add'l followup,"b,e,k,l",71.6658,24.4239,147066449083506944,71.66614689537,24.42394184035,4519.95850000,3722.51025000,5782.57666000,4465.35156000,3554.78638000,5758.94336000,10022
0.921155,71.685,26.385,140,044644.4+262306,w,,<,6.62,,,6.17,0.05,,5.98,0.05,,5.82,0.05,,4.91,0.04,>,1.01,,>,-3.17,,,yes,yes,no,,,1,,B+,,,III,M4,0.0,3.7,0.8,<,1.8E-4,needs add'l followup,"b,k,l",71.685,26.385,154276221704780544,71.68523702443,26.38514278446,2963.67407000,2536.23804000,3683.09644000,3039.02539000,2489.04346000,3641.76416000,10022
1.898717,71.709583,24.6375,141,044650.3+243815,w,,,13.5,0.06,,13.11,0.22,,13.52,0.09,,13.22,0.11,,10.53,0.25,>,0.88,,>,0.29,,,yes-faint,no,no,yes,,1,,B-,not yso,star,III,K0-K1 w/ Av,2.1,1.8,-2.0,,0.0079,needs add'l followup,"b,n",71.7096,24.6375,147352223323209088,71.71010895642,24.63772275090,1045.29016000,956.21545400,1137.92261000,1050.98840000,957.58270300,1146.12878000,10033
0.574009,72.009583,25.566389,142,044802.3+253359,w,,,10.05,0.05,,10.06,0.05,,9.92,0.06,,9.9,0.06,,9.33,0.21,>,1.03,,>,-1.34,,,no,yes-faint,no,no,,1,,B,yso,star,III,K0-K1 w/ Av,0.0,5.9,-0.4,,8.0E-5,needs add'l followup,"b,l",72.0096,25.5664,147468840275123456,72.00972645041,25.56648215454,3539.48120000,3018.70508000,4002.27002000,3545.08667000,3051.44800000,5003.23145000,10033
1.055641,72.307083,25.430278,146,044913.7+252549,w,,,13.49,0.06,,12.81,0.18,,13.37,0.09,,11.91,0.06,>,9.24,,>,0.83,,>,-1.04,,,,,no,yes,,1,,C-,,contam.,III,F6,2.6,4.5,-1.6,,0.011,needs add'l followup,"b,n",72.3071,25.4303,153409398521305344,72.30736980526,25.43041546499,1394.89539000,1198.15222000,1634.09875000,1440.21851000,1124.13062000,1598.70410000,10133
0.782291,72.317917,24.640833,147,044916.3+243827,w,CCDM J04493+2438A,,8.92,0.05,,8.93,0.05,,8.87,0.05,,8.86,0.05,,8.35,0.09,>,0.88,,>,-0.57,,,no,yes,no,no,,1,CCDM J04493+2438A,C,yso,star,III,K2 w/ Av,1.6,0.5,-0.2,,1.8E-4,needs add'l followup,"b,j",72.3179,24.6408,147153757179559296,72.31813258413,24.64073906866,344.13635300,341.77459700,346.60626200,343.53305100,340.78210400,346.18042000,10033
1.044312,72.422917,25.669444,148,044941.5+254010,w,,,12.8,0.06,,12.73,0.06,,12.59,0.07,,12.61,0.09,,9.56,0.26,>,0.76,,,,,,yes,no,no,no,,1,,B+,not yso,star,III,M3,0.0,1.5,-2.0,,0.011,needs add'l followup,"b,c,k",72.4229,25.6694,153430667199253120,72.42321434970,25.66955501536,234.97895800,228.32118200,243.00268600,231.26942400,223.67990100,238.45759600,10033
