angDist,_RAJ2000,_DEJ2000,recno,SST,CName,l_[3.6],[3.6],e_[3.6],l_[4.5],[4.5],e_[4.5],l_[5.8],[5.8],e_[5.8],l_[8.0],[8.0],e_[8.0],l_[24],[24],e_[24],l_[70],[70],e_[70],l_[160],[160],e_[160],24/70,KS/24,8/24,4.5/8,IRAC,M1,2M,SimbadName,c2dCat,GutCat,Class,SpType,EW,AV,logL*,l_LIR/L,LIR/L,M2,_RA,_DE,2MASS,RAJ2000,DEJ2000,errHalfMaj,errHalfMin,errPosAng,Jmag,Hmag,Kmag,e_Jmag,e_Hmag,e_Kmag,Qfl,Rfl,X,MeasureJD
1.007318,63.30875,28.319444,1,041314.1+281910,LkCa 1,,8.54,0.05,,8.5,0.05,,8.41,0.05,,8.43,0.05,,8.28,0.08,>,1.3,,,,,,no,no,no,no,,1,LkCa 1,yso,star,III,M4,,1.3,-0.3,<,2.0E-5,,63.3087,28.3194,04131414+2819108,63.308926,+28.319677,0.070,0.060,0,9.638,8.867,8.625,0.022,0.017,0.019,AAA,212,0,2450780.7781
0.856811,63.363333,28.273333,2,041327.2+281624,Anon 1,,7.23,0.05,,7.24,0.05,,7.17,0.05,,7.08,0.05,,6.95,0.05,>,1.27,,,,,,no,no,no,no,,1,NAME Herbig's Anon 1,yso,star,III,M0,,3.2,0.4,<,3.8E-5,,63.3633,28.2733,04132722+2816247,63.363444,+28.273550,0.080,0.060,0,8.826,7.794,7.460,0.030,0.027,0.029,AAA,111,0,2450780.7809
1.247653,63.471667,28.189722,3,041353.2+281123,IRAS04108+2803 A,,9.02,0.05,,8.37,0.05,,7.67,0.05,,6.57,0.05,,3.44,0.04,>,0.19,,>,-2.05,,,yes,yes,yes,yes,b,1,NAME IRAS 04108+2803A,yso,class II,flat,,,,,,,c,63.4717,28.1897,04135328+2811233,63.472041,+28.189829,0.070,0.060,0,13.639,11.521,10.370,0.024,0.024,0.019,AAA,222,0,2450780.7810
0.927001,63.477917,28.192222,4,041354.7+281132,IRAS04108+2803 B,,9.38,0.05,,8.03,0.05,,6.96,0.05,,5.78,0.05,,1.38,0.04,,-1.84,0.22,>,-1.94,,yes,yes,yes,yes,yes,b,1,NAME IRAS 04108+2803B,yso,embedded,I,,,,,,,c,63.4779,28.1922,04135471+2811328,63.477987,+28.192472,0.090,0.080,0,16.481,13.376,11.063,0.115,0.037,0.021,BAA,222,0,2450780.7810
1.069693,63.48875,29.305278,5,041357.3+291819,IRAS04108+2910,,7.48,0.05,,6.84,0.05,,6.26,0.05,,5.54,0.05,,3.13,0.04,,1.15,0.22,>,-3.39,,yes,yes,yes,yes,yes,,1,IRAS04108+2910,yso,class II,II,K5e,-201.4,4.8,-0.4,,0.37,"a,b",63.4887,29.3053,04135737+2918193,63.489074,+29.305370,0.060,0.060,0,11.310,10.157,9.356,0.023,0.024,0.024,AAA,222,0,2450780.7885
1.184919,63.549167,28.198056,6,041411.8+281153,J04141188+2811535,,10.93,0.06,,10.4,0.05,,10.12,0.07,,8.99,0.06,,5.76,0.01,>,1.03,,,,,,yes,yes,yes,yes,,1,2MASS J04141188+2811535,yso,class II,II,M6.25,,1.7,-1.6,,0.25,,63.5492,28.1981,04141188+2811535,63.549505,+28.198196,0.070,0.060,0,13.161,12.329,11.639,0.024,0.022,0.021,AAA,222,0,2450780.7877
0.508872,63.55375,28.203333,8,041412.9+281212,V773 Tau ABC,<,6.62,,<,6.1,,,5.13,0.05,,4.38,0.05,,1.69,0.04,,0.27,0.22,,,,yes,yes,yes,,,,1,V773 Tau,,,II,K3,,2.8,0.9,,0.047,,63.5537,28.2033,04141291+2812124,63.553827,+28.203457,0.070,0.060,0,7.494,6.644,6.210,0.024,0.020,0.047,AAA,111,0,2450780.7877
1.105218,63.55625,28.213611,9,041413.5+281249,FM Tau,,8.09,0.05,,7.67,0.05,,7.36,0.05,,6.42,0.05,,2.92,0.04,,1.07,0.22,,,,yes,yes,yes,yes,yes,,1,FM Tau,yso,class II,II,M0,-99.1,2.4,-0.3,,0.18,a,63.5562,28.2136,04141358+2812492,63.556590,+28.213678,0.070,0.060,0,10.329,9.391,8.763,0.021,0.022,0.022,AAA,222,0,2450780.7877
1.181859,63.560417,28.466111,10,041414.5+282758,FN Tau,,7.59,0.05,,7.17,0.05,,6.71,0.05,,5.75,0.05,,2.03,0.04,,-0.25,0.22,,,,yes,yes,yes,yes,yes,,1,FN Tau,yso,class II,II,M5,,1.6,-0.2,,0.22,,63.5604,28.4661,04141458+2827580,63.560790,+28.466127,0.070,0.060,0,9.469,8.669,8.189,0.022,0.036,0.018,AAA,211,0,2450780.7879
0.835929,63.570833,28.1825,11,041417.0+281057,CW Tau,<,6.62,,<,6.1,,,5.08,0.05,,4.51,0.05,,1.75,0.04,,-0.42,0.22,,,,yes,yes,yes,,,,1,CW Tau,,,II,K3,-137.9,6.9,0.6,,0.22,a,63.5708,28.1825,04141700+2810578,63.570844,+28.182732,0.070,0.060,0,9.557,8.243,7.127,0.022,0.027,0.023,AAA,211,0,2450780.7877
0.708748,63.573333,28.1025,12,041417.6+280609,CIDA-1,,8.67,0.05,,8.13,0.05,,7.59,0.05,,6.71,0.05,,3.53,0.04,,1.28,0.22,,,,yes,yes,yes,yes,yes,,1,[BCG93] 1,yso,class II,II,M5.5,,4.6,-0.7,,0.32,,63.5733,28.1025,04141760+2806096,63.573371,+28.102694,0.070,0.060,0,11.726,10.584,9.877,0.021,0.022,0.021,AAA,222,0,2450780.7876
0.936424,63.609167,28.100833,13,041426.2+280603,IRAS04113+2758 A,<,6.62,,<,6.1,,,4.63,0.05,,3.79,0.05,<,0.45,,,-2.54,0.22,,-4.35,0.34,,,,,,f,1,[CG2010] IRAS 04113+2758(N),,,I,M2.5,,17.1,0.3,,0.5,,63.6092,28.1008,04142626+2806032,63.609451,+28.100903,0.070,0.060,0,12.475,9.878,7.777,0.029,0.033,0.031,AAA,221,0,2450780.7876
0.951800,63.627083,28.087222,14,041430.5+280514,MHO-3,,7.22,0.05,,6.49,0.05,,5.75,0.05,,4.53,0.05,<,0.45,,,-1.06,0.22,,-4.15,0.34,,,,yes,yes,,1,[BHS98] MHO 3,,embedded,flat,K7,,11.3,0.3,,0.17,,63.6271,28.0872,04143054+2805147,63.627275,+28.087425,0.060,0.060,90,11.178,9.249,8.243,0.021,0.022,0.023,AAA,221,0,2450780.7907
0.450705,63.697083,26.773889,15,041447.3+264626,FP Tau,,8.11,0.05,,7.86,0.05,,7.6,0.05,,7.27,0.05,,4.25,0.04,,1.22,0.22,,,,yes,yes,yes,yes,yes,,1,FP Tau,yso,class II,II,M4,,0.8,-0.4,,0.083,,63.6971,26.7739,04144730+2646264,63.697119,+26.774010,0.070,0.060,0,9.897,9.175,8.873,0.021,0.022,0.019,AAA,222,0,2450780.7917
0.867637,63.699167,26.803056,16,041447.8+264811,CX Tau,,8.48,0.05,,8.13,0.05,,7.68,0.05,,6.63,0.05,,3.35,0.04,,1.23,0.22,,,,yes,yes,yes,yes,yes,,1,CX Tau,yso,class II,II,M2.5,,1.4,-0.3,,0.11,,63.6992,26.8031,04144786+2648110,63.699437,+26.803059,0.070,0.060,0,9.867,9.054,8.807,0.022,0.024,0.019,AAA,222,0,2450780.7917
1.165768,63.699583,27.876111,17,041447.9+275234,LkCa 3 AB,,7.28,0.05,,7.33,0.05,,7.27,0.05,,7.23,0.05,,7.07,0.05,>,1.17,,,,,,no,no,no,no,,1,EM* LkCa 3,yso,star,III,M1,,0.7,0.3,<,4.3E-5,,63.6996,27.8761,04144797+2752346,63.699886,+27.876293,0.060,0.060,90,8.363,7.625,7.423,0.032,0.023,0.021,AAA,111,0,2450780.7909
1.309470,63.705,28.208333,18,041449.2+281230,FO Tau AB,,7.53,0.05,,7.17,0.05,,6.72,0.05,,5.92,0.05,,2.83,0.04,,0.79,0.22,,,,yes,yes,yes,yes,yes,,1,FO Tau,yso,class II,II,M2,,3.7,0.0,,0.094,,63.705,28.2083,04144928+2812305,63.705369,+28.208496,0.060,0.060,90,9.650,8.568,8.121,0.021,0.021,0.031,AAA,211,0,2450780.7907
0.787827,63.77125,28.146111,19,041505.1+280846,CIDA-2,,8.9,0.05,,8.79,0.05,,8.71,0.05,,8.68,0.05,,8.45,0.11,>,1.31,,,,,,no,no,no,no,,1,[BCG93] 2,yso,star,III,M4.5,,0.6,-0.5,<,8.2E-5,,63.7712,28.1461,04150515+2808462,63.771489,+28.146170,0.060,0.060,90,10.110,9.420,9.094,0.022,0.022,0.021,AAA,222,0,2450780.7973
0.639164,63.81125,28.0025,20,041514.7+280009,KPNO-1,,13.23,0.13,,12.72,0.22,,12.94,0.09,,12.81,0.1,>,10.61,,>,0.9,,,,,,,,no,no,,1,[BLH2002] KPNO-Tau 1,,star,III,M8.5,,1.7,-2.4,,0.013,,63.8112,28.0025,04151471+2800096,63.811308,+28.002670,0.060,0.060,90,15.101,14.247,13.772,0.040,0.038,0.035,AAA,222,0,2450780.7972
1.385831,63.85,29.178611,21,041524.0+291043,J04152409+2910434,,11.86,0.05,,11.79,0.05,,11.66,0.06,,11.48,0.06,>,10.06,,>,1.14,,,,,,,,no,no,,1,2MASS J04152409+2910434,,star,III,M7,,1.3,-1.9,<,0.0046,,63.85,29.1786,04152409+2910434,63.850415,+29.178741,0.070,0.060,90,13.683,12.882,12.357,0.024,0.027,0.027,AAA,222,0,2450780.7981
0.581560,64.050417,27.943889,22,041612.1+275638,J04161210+2756385,,9.38,0.05,,9.04,0.05,,8.71,0.05,,8.3,0.05,,5.37,0.04,,1.55,0.22,,,,yes,yes,yes,yes,yes,,1,2MASS J04161210+2756385,yso,class II,II,M4.75,,4.6,-0.9,,0.15,,64.0504,27.9439,04161210+2756385,64.050432,+27.944050,0.060,0.060,90,12.268,11.112,10.335,0.021,0.027,0.018,AAA,222,0,2450781.7107
0.920842,64.078333,27.870833,23,041618.8+275215,J04161885+2752155,,10.88,0.05,,10.78,0.05,,10.67,0.06,,10.68,0.06,>,9.95,,>,1.26,,,,,,,,no,no,,1,2MASS J04161885+2752155,,star,III,M6.25,,1.1,-1.5,<,0.002,,64.0783,27.8708,04161885+2752155,64.078569,+27.870981,0.060,0.060,90,12.546,11.780,11.353,0.020,0.025,0.020,AAA,222,0,2450781.7108
0.818935,64.117083,28.126389,24,041628.1+280735,LkCa 4,,8.18,0.05,,8.17,0.05,,8.04,0.05,,8.05,0.05,,7.94,0.07,>,1.2,,,,,,no,no,no,no,,1,LkCa 4,yso,star,III,K7,,0.8,0.0,<,5.7E-5,,64.1171,28.1264,04162810+2807358,64.117121,+28.126614,0.060,0.060,90,9.246,8.521,8.318,0.021,0.021,0.021,AAA,112,0,2450781.7106
0.254113,64.162917,28.980278,25,041639.1+285849,J04163911+2858491,,10.5,0.05,,10.14,0.05,,9.86,0.05,,9.41,0.05,,7.22,0.05,>,1.24,,,,,,yes,yes,yes,yes,,1,2MASS J04163911+2858491,yso,class II,II,M5.5,,2.3,-1.4,,0.082,,64.1629,28.9803,04163911+2858491,64.162985,+28.980316,0.060,0.060,0,12.717,11.836,11.279,0.021,0.022,0.018,AAA,222,0,2450781.7178
0.921637,64.390417,28.346111,26,041733.7+282046,CY Tau,,7.87,0.05,,7.53,0.05,,7.27,0.05,,6.72,0.05,,4.42,0.04,,1.87,0.22,>,-1.41,,yes,yes,yes,yes,yes,,1,CY Tau,yso,class II,II,M1,,1.7,-0.2,,0.076,,64.3904,28.3461,04173372+2820468,64.390527,+28.346348,0.060,0.060,90,9.828,8.970,8.597,0.020,0.024,0.021,AAA,212,0,2450781.7201
0.732720,64.412083,28.55,27,041738.9+283300,LkCa 5,,8.93,0.05,,,,,8.8,0.05,,,,,8.66,0.09,>,1.61,,,,,,no,,,,,1,LkCa 5,,,III,M2,,0.2,-0.5,<,5.7E-5,,64.4121,28.55,04173893+2833005,64.412249,+28.550142,0.080,0.060,0,9.975,9.288,9.054,0.021,0.025,0.021,AAA,222,0,2450781.7272
1.110307,64.45625,28.225278,28,041749.5+281331,KPNO-10,,10.82,0.05,,10.36,0.05,,9.81,0.05,,8.89,0.05,,5.96,0.04,,1.92,0.22,,,,yes,yes,yes,yes,yes,,1,[BLH2002] KPNO-Tau 10,yso,class II,II,M5,,1.1,-1.2,,0.12,,64.4562,28.2253,04174955+2813318,64.456474,+28.225515,0.090,0.060,0,11.889,11.140,10.792,0.021,0.022,0.019,AAA,222,0,2450781.7269
0.767289,64.456667,28.493333,29,041749.6+282936,V410 X-ray 1,,8.41,0.05,,7.85,0.05,,7.42,0.05,,6.47,0.05,,3.78,0.04,,2.95,0.22,,,,yes,yes,yes,yes,yes,,1,[SS94] V410 X-ray 1,yso,class II,II,M2,,5.5,-0.3,,0.12,,64.4567,28.4933,04174965+2829362,64.456894,+28.493408,0.080,0.060,0,11.020,9.733,9.081,0.021,0.027,0.019,AAA,222,0,2450781.7271
1.101338,64.532917,28.434167,30,041807.9+282603,V410 X-ray 3,,10.04,0.05,,9.94,0.05,,9.9,0.06,,9.8,0.05,,9.27,0.21,>,1.79,,,,,,yes,yes-faint,no,no,,1,[SS94] V410 X-ray 3,yso,star,III,M6,,0.8,-1.1,<,2.5E-4,,64.5329,28.4342,04180796+2826036,64.533186,+28.434361,0.080,0.060,0,11.544,10.817,10.446,0.021,0.022,0.019,AAA,222,0,2450781.7271
0.925552,64.57125,28.478056,31,041817.1+282841,V410 Anon 13,,10.23,0.05,,9.94,0.05,,9.49,0.05,,8.81,0.05,,6.04,0.04,,,,>,-0.57,,,yes,yes,yes,yes,,1,[SS94] V410 Anon 13,yso,class II,II,M5,,5.9,-1.1,,0.068,,64.5712,28.4781,04181710+2828419,64.571277,+28.478312,0.070,0.060,0,12.954,11.659,10.958,0.022,0.022,0.017,AAA,222,0,2450781.7297
1.363785,64.592917,28.410278,32,041822.3+282437,V410 Anon 24,,9.84,0.05,,9.54,0.05,,9.34,0.05,,9.38,0.05,,9.29,0.1,>,1.6,,>,1.5,,,yes,no,no,no,,1,[SS94] V410 Anon 24,yso,star,II,G1,,22.5,0.1,<,5.8E-6,,64.5929,28.4103,04182239+2824375,64.593310,+28.410433,0.070,0.060,0,15.151,12.263,10.732,0.040,0.023,0.017,AAA,222,0,2450781.7297
1.293531,64.620833,28.438611,33,041829.0+282619,V410 Anon 25,,8.87,0.05,,8.64,0.05,,8.46,0.05,,8.39,0.05,,8.15,0.08,>,1.67,,>,0.12,,,yes,no,no,no,,1,[SS94] V410 Anon 25,yso,star,II,M1,,22.9,0.0,<,1.2E-5,,64.6208,28.4386,04182909+2826191,64.621240,+28.438643,0.070,0.060,0,14.905,11.631,9.936,0.036,0.023,0.018,AAA,222,0,2450781.7297
0.838991,64.62625,27.722222,34,041830.3+274320,KPNO-11,,10.71,0.05,,10.59,0.05,,10.6,0.06,,10.5,0.06,>,10.01,,>,1.46,,,,,,,,no,no,,1,[BLH2002] KPNO-Tau 11,,star,III,M5.5,,0.0,-1.3,<,0.0018,,64.6262,27.7222,04183030+2743208,64.626275,+27.722454,0.060,0.060,0,11.886,11.271,11.007,0.021,0.027,0.021,AAA,222,0,2450781.7302
0.224006,64.629583,28.454444,35,041831.1+282716,V410 Tau ABC,,7.36,0.05,,7.34,0.05,,7.34,0.05,,7.25,0.05,,7.14,0.06,>,1.65,,,,,,no,no,no,no,,1,V* V410 Tau,yso,star,III,K3,,1.1,0.4,<,6.5E-5,,64.6296,28.4544,04183110+2827162,64.629589,+28.454506,0.070,0.060,0,8.449,7.789,7.629,0.018,0.021,0.026,AAA,111,0,2450781.7297
0.374548,64.629583,28.274722,36,041831.1+281629,DD Tau AB,<,6.62,,<,6.1,,,5.29,0.05,,4.48,0.05,,1.75,0.04,,-0.04,0.22,,,,yes,yes,yes,,,,1,DD Tau,,,II,M1,,4.3,0.1,,0.3,,64.6296,28.2747,04183112+2816290,64.629701,+28.274727,0.080,0.060,0,9.830,8.682,7.878,0.021,0.020,0.020,AAA,211,0,2450781.7298
1.260882,64.63125,28.282778,37,041831.5+281658,CZ Tau AB,,8.46,0.05,,7.63,0.05,,6.62,0.05,,5.0,0.05,,1.96,0.04,,1.45,0.22,,,,yes,yes,yes,yes,yes,,1,CZ Tau,yso,embedded,II,M1.5,,0.7,-0.6,,0.53,,64.6312,28.2828,04183158+2816585,64.631611,+28.282925,0.080,0.060,0,10.517,9.774,9.362,0.021,0.022,0.017,AAA,222,0,2450781.7298
0.598862,64.633333,28.520833,38,041832.0+283115,IRAS04154+2823,,7.57,0.05,,7.07,0.05,,6.12,0.05,,5.52,0.05,,1.91,0.04,,-0.38,0.22,,,,yes,yes,yes,yes,yes,,1,IRAS04154+2823,yso,class II,I,M2.5,,19.0,-0.6,,0.63,,64.6333,28.5208,04183203+2831153,64.633477,+28.520941,0.070,0.060,0,15.187,12.369,10.274,0.048,0.022,0.017,AAA,222,0,2450781.7296
0.660222,64.643333,28.508333,39,041834.4+283030,V410 X-ray 2,,8.35,0.05,,8.09,0.05,,7.8,0.05,,7.55,0.05,,3.41,0.04,,0.31,0.22,,,,yes,yes,yes,yes,no,,1,[SS94] V410 X-ray 2,yso,class II,flat,M0,,21.0,0.3,,0.024,,64.6433,28.5083,04183444+2830302,64.643529,+28.508396,0.070,0.060,0,13.773,10.708,9.215,0.026,0.022,0.017,AAA,222,0,2450781.7296
0.667911,64.6675,28.406667,40,041840.2+282424,V410 X-ray 4,,8.91,0.05,,8.64,0.05,,8.44,0.05,,8.43,0.05,,8.09,0.08,>,1.6,,>,-2.59,,,yes,no,no,no,,1,[SS94] V410 X-ray 4,yso,star,II,M4,,18.0,-0.1,<,6.3E-6,,64.6675,28.4067,04184023+2824245,64.667633,+28.406811,0.070,0.060,0,13.641,10.962,9.686,0.025,0.022,0.017,AAA,222,0,2450781.7297
0.563101,64.669167,28.320833,41,041840.6+281915,V892 Tau,<,6.62,,<,6.1,,,3.61,0.05,<,3.52,,<,0.45,,<,-2.3,,<,-4.9,,,,,,,"c,d",1,V892 Tau,,,flat,A6,-12.7,14.3,2.0,,0.089,,64.6692,28.3208,04184061+2819155,64.669239,+28.320976,0.080,0.060,0,8.742,7.016,5.787,0.027,0.029,0.016,AAA,111,0,2450781.7298
0.427416,64.672083,28.456944,42,041841.3+282725,LR1,,9.5,0.05,,8.92,0.05,,8.44,0.05,,7.95,0.05,,4.65,0.04,,0.38,0.22,>,-0.29,,yes,yes,yes,yes,yes,,1,LR1,yso,class II,flat,K4.5,,24.0,-0.3,,0.12,,64.6721,28.4569,04184133+2827250,64.672218,+28.456947,0.090,0.080,0,16.225,12.924,11.054,0.086,0.025,0.020,AAA,222,0,2450781.7297
0.851731,64.677083,28.313611,43,041842.5+281849,V410 X-ray 7,,8.73,0.05,,8.61,0.05,,8.35,0.05,,8.09,0.07,,5.15,0.01,>,-0.3,,>,-2.88,,,yes,yes,yes,no,,1,[SS94] V410 X-ray 7,yso,class II,II,M1,,10.3,-0.1,,0.0092,,64.6771,28.3136,04184250+2818498,64.677102,+28.313847,0.060,0.060,90,11.924,10.095,9.257,0.021,0.022,0.017,AAA,222,0,2450781.7367
1.118906,64.6875,28.347778,44,041845.0+282052,V410 Anon 20,,11.01,0.05,,10.74,0.05,,10.55,0.06,,10.57,0.06,>,10.2,,>,0.49,,>,-3.2,,,,,no,no,,1,[SS94] V410 Anon 20,,star,flat,K3,,21.6,-0.6,<,2.2E-4,,64.6875,28.3478,04184505+2820528,64.687746,+28.348001,0.080,0.080,90,16.399,13.410,11.929,0.087,0.029,0.018,AAA,222,0,2450781.7367
0.583760,64.695833,28.335278,45,041847.0+282007,Hubble 4,,7.09,0.05,,7.04,0.05,,6.95,0.05,,6.96,0.05,,6.78,0.01,>,0.18,,>,-4.19,,,no,no,no,no,,1,Hubble I 4,yso,star,III,K7,,2.5,0.4,<,6.0E-5,,64.6958,28.3353,04184703+2820073,64.695987,+28.335367,0.060,0.060,90,8.560,7.636,7.293,0.020,0.026,0.024,AAA,111,0,2450781.7367
0.780328,64.712917,28.2425,46,041851.1+281433,KPNO-2,,12.25,0.05,,12.11,0.06,,12.02,0.06,,11.84,0.07,>,9.59,,>,1.59,,,,,,,,no,no,,1,[BLH2002] KPNO-Tau 2,,star,III,M7.5,,0.3,-2.1,,0.0096,,64.7129,28.2425,04185115+2814332,64.713151,+28.242567,0.060,0.060,90,13.925,13.241,12.753,0.025,0.029,0.021,AAA,222,0,2450781.7366
1.135420,64.714167,28.340556,47,041851.4+282026,CoKu Tau/1,,10.22,0.05,,9.02,0.05,,7.72,0.05,,5.87,0.05,,1.07,0.04,,-0.98,0.22,<,-2.55,,yes,yes,yes,yes,yes,c,1,NAME CoKu Tau 1,yso,embedded,I,K7,,6.5,-0.9,,0.72,,64.7142,28.3406,04185147+2820264,64.714496,+28.340681,0.060,0.060,90,12.866,11.489,10.974,0.030,0.031,0.024,AAA,222,0,2450781.7367
0.700459,64.742083,28.206389,48,041858.1+281223,IRAS04158+2805,,9.23,0.05,,8.54,0.05,,7.85,0.06,,6.84,0.05,,2.73,0.04,,-0.07,0.22,,-2.51,0.22,yes,yes,yes,yes,yes,,1,IRAS04158+2805,yso,class II,flat,M6,,7.0,-1.3,,0.76,,64.7421,28.2064,04185813+2812234,64.742242,+28.206524,0.060,0.060,90,13.778,12.346,11.176,0.030,0.031,0.020,AAA,222,0,2450781.7366
0.094755,64.754583,28.328333,49,041901.1+281942,V410 X-ray 6,,8.76,0.05,,8.67,0.05,,8.54,0.05,,8.26,0.05,,3.82,0.04,,0.69,0.22,,,,yes,yes,yes,yes,no,,1,[SS94] V410 X-ray 6,yso,star,II,M4.5,,2.7,-0.5,,0.082,,64.7546,28.3283,04190110+2819420,64.754609,+28.328346,0.060,0.060,90,10.527,9.597,9.129,0.022,0.024,0.021,AAA,222,0,2450781.7367
1.160880,64.755,28.046667,50,041901.2+280248,KPNO-12,,13.97,0.06,,13.61,0.06,,13.23,0.08,,12.75,0.08,>,10.13,,>,1.74,,>,-0.54,,,,,no,no,,1,[BLH2002] KPNO-Tau 12,,class II,II,M9,,1.4,-2.9,,0.12,,64.755,28.0467,04190126+2802487,64.755291,+28.046862,0.100,0.090,90,16.305,15.483,14.927,0.086,0.096,0.092,AAA,222,0,2450781.7365
1.013163,64.757917,28.375833,51,041901.9+282233,V410 Tau X-ray 5a,,9.64,0.05,,9.55,0.05,,9.43,0.05,,9.39,0.05,,8.88,0.12,>,1.59,,>,-1.28,,,yes,yes,no,no,,1,[SS94] V410 X-ray 5a,yso,star,III,M5,,5.1,-0.8,<,1.5E-4,,64.7579,28.3758,04190197+2822332,64.758230,+28.375891,0.060,0.060,90,11.989,10.785,10.153,0.021,0.024,0.018,AAA,222,0,2450781.7367
0.175016,64.803333,28.4925,52,041912.8+282933,FQ Tau AB,,8.78,0.05,,8.42,0.05,,8.12,0.05,,7.41,0.05,,4.85,0.04,,2.16,0.22,,,,yes,yes,yes,yes,yes,,1,FQ Tau,yso,class II,II,M2,,1.1,-0.6,,0.086,,64.8033,28.4925,04191281+2829330,64.803379,+28.492527,0.060,0.060,90,10.491,9.702,9.313,0.026,0.024,0.022,AAA,222,0,2450781.7368
1.052817,64.815833,29.107222,53,041915.8+290626,BP Tau,,7.27,0.05,,6.9,0.05,,6.65,0.05,,5.71,0.05,,2.52,0.04,,0.71,0.22,,,,yes,yes,yes,yes,yes,,1,BP Tau,yso,class II,II,K7,,2.1,0.2,,0.094,,64.8158,29.1072,04191583+2906269,64.815984,+29.107483,0.060,0.060,0,9.098,8.220,7.736,0.037,0.024,0.023,AAA,111,0,2450781.7389
0.842973,64.859167,28.437222,54,041926.2+282614,V819 Tau,,8.2,0.05,,8.29,0.05,,8.11,0.05,,8.06,0.05,,6.29,0.05,,,,,,,,yes,yes,no,no,,1,V819 Tau,yso,star,III,K7,,1.9,0.0,,0.0018,,64.8592,28.4372,04192625+2826142,64.859416,+28.437305,0.060,0.060,90,9.502,8.648,8.424,0.021,0.020,0.017,AAA,212,0,2450781.7394
1.087520,64.8975,28.455833,55,041935.4+282721,FR Tau,,9.42,0.05,,8.93,0.05,,8.25,0.05,,7.27,0.05,,4.84,0.04,,3.14,0.22,,,,yes,yes,yes,yes,yes,,1,FR Tau,yso,class II,II,M5e,-58.9,0.0,-0.9,,0.17,b,64.8975,28.4558,04193545+2827218,64.897728,+28.456059,0.060,0.060,90,10.954,10.374,9.971,0.021,0.022,0.018,AAA,222,0,2450781.7394
1.071625,64.921667,27.83,56,041941.2+274948,LkCa 7 AB,,8.11,0.05,,8.11,0.05,,8.04,0.05,,7.99,0.05,,7.75,0.06,>,1.94,,,,,,no,no,no,no,,1,LkCa 7,yso,star,III,K7,,1.0,0.0,<,6.1E-5,,64.9217,27.83,04194127+2749484,64.921967,+27.830135,0.070,0.060,0,9.126,8.381,8.256,0.023,0.023,0.020,AAA,212,0,2450781.7398
0.663329,64.993333,27.165833,58,041958.4+270957,IRAS04169+2702,,8.41,0.05,,7.15,0.05,,6.29,0.05,,5.33,0.05,,0.66,0.04,<,-2.3,,,-5.4,0.34,,yes,yes,yes,yes,,1,IRAS04169+2702,yso,embedded,I,,,,,,,c,64.9933,27.1658,04195844+2709570,64.993539,+27.165852,0.080,0.080,73,17.191,14.158,11.583,,0.058,0.023,UAA,022,1,2450781.7455
0.910774,65.10625,27.009722,59,042025.5+270035,J04202555+2700355,,10.99,0.05,,10.77,0.05,,10.44,0.06,,9.74,0.05,,6.13,0.04,,2.49,0.22,,,,yes,yes,yes-faint,yes,yes,,1,2MASS J04202555+2700355,yso,class II,II,M5.25,,2.1,-1.5,,0.14,,65.1062,27.0097,04202555+2700355,65.106477,+27.009874,0.070,0.060,0,12.861,12.006,11.508,0.020,0.025,0.024,AAA,222,0,2450781.7572
1.348389,65.162917,27.291944,60,042039.1+271731,2MASS J04203918+2717317,,9.42,0.05,,9.39,0.05,,9.35,0.05,,9.29,0.05,,8.83,0.1,>,1.5,,,,,,no,no,no,no,,1,2MASS J04203918+2717317,yso,star,III,,,,,,,,65.1629,27.2919,04203918+2717317,65.163269,+27.292150,0.080,0.060,0,10.497,9.863,9.560,0.020,0.025,0.019,AAA,222,0,2450781.7570
0.825296,65.282917,27.038889,61,042107.9+270220,CFHT-19,,7.54,0.05,,6.66,0.05,,6.01,0.05,,5.1,0.05,,1.61,0.04,,-1.18,0.22,<,-3.27,,yes,yes,yes,yes,yes,c,1,[MDM2001] CFHT-BD-Tau 19,yso,class II,I,M5.25,,10.3,-1.0,,0.83,,65.2829,27.0389,04210795+2702204,65.283139,+27.039005,0.070,0.070,90,13.855,12.062,10.543,0.024,0.026,0.021,AAA,222,0,2450781.7622
1.208252,65.292917,27.026944,62,042110.3+270137,IRAS04181+2654B,,9.03,0.05,,8.24,0.05,,7.6,0.05,,6.7,0.05,,2.69,0.04,,-0.47,0.22,<,-3.97,,yes,yes,yes,yes,yes,"b,c",1,NAME IRAS 04181+2654B,yso,class II,I,,,,,,,c,65.2929,27.0269,04211038+2701372,65.293285,+27.027016,0.090,0.090,90,18.890,13.783,11.085,,0.030,0.022,UAA,022,0,2450781.7622
1.004869,65.2975,27.019167,63,042111.4+270109,IRAS04181+2654A,,8.6,0.05,,7.56,0.05,,6.71,0.05,,5.71,0.05,,1.64,0.04,,-1.04,0.22,,-4.21,0.34,yes,yes,yes,yes,yes,b,1,NAME IRAS 04181+2654A,yso,embedded,I,,,,,,,c,65.2975,27.0192,04211146+2701094,65.297787,+27.019279,0.090,0.080,0,16.222,12.647,10.340,0.082,0.024,0.025,AAA,222,0,2450781.7622
1.576207,65.39375,27.027222,64,042134.5+270138,J04213459+2701388,,9.86,0.05,,9.65,0.05,,9.35,0.05,,8.98,0.05,,7.18,0.05,>,1.64,,,,,,yes,yes,yes,yes,,1,2MASS J04213459+2701388,yso,class II,II,M5.5,,2.7,-1.0,,0.029,,65.3937,27.0272,04213459+2701388,65.394164,+27.027458,0.110,0.060,0,11.895,10.965,10.437,0.026,0.027,0.018,AAA,222,0,2450781.7669
0.639094,65.442917,26.991389,65,042146.3+265929,CFHT-10,,11.54,0.05,,11.32,0.05,,11.05,0.06,,10.45,0.06,,7.26,0.05,>,1.45,,,,,,yes,no,yes-faint,yes,,1,[MDM2001] CFHT-BD-Tau 10,yso,class II,II,M6.25,,4.0,-1.7,,0.056,,65.4429,26.9914,04214631+2659296,65.442978,+26.991558,0.120,0.060,0,13.823,12.734,12.134,0.024,0.028,0.020,AAA,222,0,2450781.7669
0.527199,65.477083,26.875278,66,042154.5+265231,J04215450+2652315,,13.22,0.06,,13.12,0.06,,12.9,0.07,,12.8,0.08,,10.5,0.22,>,1.66,,,,,,yes-faint,no,no,no,,1,2MASS J04215450+2652315,not yso,star,II,M8.5,,3.3,-2.4,,0.012,,65.4771,26.8753,04215450+2652315,65.477106,+26.875423,0.260,0.060,0,15.535,14.499,13.904,0.044,0.043,0.041,AAA,222,0,2450781.7718
0.484217,65.481667,27.918333,67,042155.6+275506,DE Tau,,7.07,0.05,,6.73,0.05,,6.4,0.05,,5.78,0.05,,2.58,0.04,,-0.19,0.22,,,,yes,yes,yes,yes,yes,,1,DE Tau,yso,class II,II,M2,,2.2,0.1,,0.13,,65.4817,27.9183,04215563+2755060,65.481818,+27.918350,0.070,0.060,0,9.180,8.273,7.799,0.022,0.018,0.018,AAA,211,0,2450781.7726
0.543637,65.489167,28.443056,68,042157.4+282635,RY Tau,<,6.62,,<,6.1,,,3.6,0.05,<,3.52,,<,0.45,,<,-2.3,,,-4.24,0.34,,,,,,,1,RY Tau,,,II,K1,-16.8,4.8,1.3,,0.1,a,65.4892,28.4431,04215740+2826355,65.489169,+28.443207,0.070,0.060,0,7.155,6.128,5.395,0.019,0.061,0.023,AAA,111,0,2450781.7729
0.875544,65.495,28.301667,69,042158.8+281806,HD283572,,6.86,0.05,,6.86,0.05,,6.81,0.05,,6.78,0.05,,6.76,0.05,>,1.24,,,,,,no,no,no,no,,1,HD283572,star,star,III,G5,,0.4,0.8,<,3.0E-5,,65.495,28.3017,04215884+2818066,65.495187,+28.301846,0.060,0.060,0,7.414,7.008,6.869,0.029,0.026,0.023,AAA,111,0,2450781.7728
1.390470,65.5025,26.958889,70,042200.6+265732,FS Tau B,,9.66,0.05,,8.4,0.05,,7.23,0.05,,5.95,0.05,,1.58,0.04,,-0.68,0.22,<,-4.14,,yes,yes,yes,yes,yes,"b,c",1,NAME FS Tau B,yso,embedded,I,,,,,,,c,65.5025,26.9589,04220069+2657324,65.502906,+26.959024,0.210,0.060,0,15.082,13.351,11.753,0.082,0.053,0.029,AAA,222,0,2450781.7719
1.140467,65.50875,26.958333,71,042202.1+265730,FS Tau Aab,,6.75,0.05,,6.3,0.05,,5.81,0.05,,4.99,0.05,,1.33,0.04,>,0.05,,,,,,yes,yes,yes,yes,,1,NAME FS Tau A,yso,class II,flat,M0e,-46.8,6.9,0.0,,0.36,"a,b",65.5087,26.9583,04220217+2657304,65.509071,+26.958469,0.210,0.060,0,10.705,9.244,8.178,0.027,0.026,0.017,AAA,221,0,2450781.7719
1.103134,65.512917,28.427222,72,042203.1+282538,LkCa 21,,8.26,0.05,,8.22,0.05,,8.14,0.05,,8.06,0.05,,8.06,0.09,>,1.23,,,,,,no,no,no,no,,1,LkCa 21,star,star,III,M3,,1.3,-0.2,<,2.9E-5,,65.5129,28.4272,04220313+2825389,65.513073,+28.427496,0.070,0.060,0,9.464,8.673,8.449,0.020,0.021,0.017,AAA,212,0,2450781.7729
1.003012,65.568333,25.819722,73,042216.4+254911,CFHT-14,,11.48,0.05,,11.34,0.05,,11.28,0.06,,11.23,0.06,>,9.51,,>,1.16,,,,,,,,no,no,,1,[MDM2001] CFHT-BD-Tau 14,,star,III,M7.75,,0.4,-1.8,<,0.003,,65.5683,25.8197,04221644+2549118,65.568501,+25.819956,0.070,0.060,0,13.059,12.362,11.936,0.023,0.027,0.021,AAA,222,0,2450781.7710
0.796821,65.569583,26.915833,74,042216.7+265457,CFHT-21,,7.77,0.05,,7.26,0.05,,6.85,0.05,,6.3,0.05,,3.29,0.04,,1.18,0.22,,,,yes,yes,yes,yes,yes,,1,[MDM2001] CFHT-BD-Tau 21,yso,class II,II,M1.25,,7.7,-0.3,,0.23,,65.5696,26.9158,04221675+2654570,65.569830,+26.915855,0.230,0.060,0,11.577,10.037,9.011,0.019,0.022,0.021,AAA,222,0,2450781.7718
1.004787,65.6,26.773611,75,042224.0+264625,2MASS J04222404+2646258,,9.52,0.05,,9.4,0.05,,9.34,0.05,,9.33,0.05,,9.07,0.12,>,1.56,,,,,,no,no,no,no,,1,2MASS J04222404+2646258,yso,star,III,,,,,,,,65.6,26.7736,04222404+2646258,65.600188,+26.773834,0.310,0.060,0,11.088,10.191,9.771,0.020,0.027,0.017,AAA,222,0,2450781.7717
0.982399,65.782083,28.099167,76,042307.7+280557,IRAS04200+2759,,8.43,0.05,,7.81,0.05,,7.28,0.05,,6.44,0.05,,3.23,0.04,,0.76,0.22,,,,yes,yes,yes,yes,yes,,1,IRAS04200+2759,yso,class II,flat,M2,,8.1,-0.9,,0.53,c,65.7821,28.0992,04230776+2805573,65.782373,+28.099262,0.060,0.060,90,13.179,11.600,10.413,0.021,0.024,0.018,AAA,222,0,2450781.7824
1.275056,65.912917,24.937222,77,042339.1+245614,FT Tau,,7.93,0.05,,7.46,0.05,,7.19,0.05,,6.29,0.05,,3.15,0.04,,0.28,0.22,,,,yes,yes,yes,yes,yes,,1,FT Tau,yso,class II,II,M3e,-254.3,3.8,-0.2,,0.13,"a,b",65.9129,24.9372,04233919+2456141,65.913306,+24.937254,0.060,0.060,90,10.192,9.123,8.596,0.026,0.027,0.021,AAA,222,0,2450781.7878
0.903618,66.11,26.830556,78,042426.4+264950,CFHT-9,,11.16,0.05,,10.88,0.05,,10.51,0.06,,9.83,0.05,,6.78,0.05,>,0.77,,,,,,yes,yes-faint,yes,yes,,1,[MDM2001] CFHT-BD-Tau 9,yso,class II,II,M6.25,,0.5,-1.7,,0.11,,66.11,26.8306,04242646+2649503,66.110258,+26.830656,0.080,0.060,0,12.884,12.193,11.764,0.021,0.028,0.020,AAA,222,0,2450781.7911
1.058811,66.185417,26.170556,79,042444.5+261014,IRAS04216+2603,,8.08,0.05,,7.57,0.05,,7.14,0.05,,6.32,0.05,,3.53,0.04,,0.16,0.22,,-2.47,0.22,yes,yes,yes,yes,yes,,1,IRAS04216+2603,yso,class II,II,M1,,3.4,-0.4,,0.29,,66.1854,26.1706,04244457+2610141,66.185743,+26.170586,0.060,0.060,90,10.796,9.753,9.053,0.021,0.028,0.021,AAA,222,0,2450781.8037
1.101514,66.1875,27.028889,80,042445.0+270144,J1-4423,,10.21,0.05,,10.15,0.05,,10.06,0.06,,10.11,0.06,>,9.49,,>,1.05,,,,,,,,no,no,,1,[HJS91] 4423,,star,III,M5,,0.1,-1.1,<,9.5E-4,,66.1875,27.0289,04244506+2701447,66.187758,+27.029091,0.070,0.060,0,11.340,10.714,10.458,0.021,0.027,0.022,AAA,222,0,2450781.8031
0.710095,66.204167,26.719444,81,042449.0+264310,RXJ0424.8,,7.73,0.05,,7.7,0.05,,7.69,0.05,,7.65,0.05,,7.4,0.06,>,1.02,,,,,,no,no,no,no,,1,[WKS96] RX J0424.8+2643A,yso,star,III,K1,,1.2,0.4,<,6.1E-5,,66.2042,26.7194,04244904+2643104,66.204348,+26.719557,0.070,0.060,0,8.609,7.994,7.783,0.027,0.016,0.016,AAA,111,0,2450781.8033
1.180725,66.2375,27.198889,82,042457.0+271156,IP Tau,,7.77,0.05,,7.45,0.05,,7.24,0.05,,6.6,0.05,,3.48,0.04,,0.74,0.22,,,,yes,yes,yes,yes,yes,,1,IP Tau,yso,class II,II,M0,,1.9,-0.2,,0.1,,66.2375,27.1989,04245708+2711565,66.237834,+27.199028,0.070,0.060,0,9.781,8.893,8.349,0.021,0.017,0.018,AAA,211,0,2450781.8029
1.125036,66.323333,26.297222,83,042517.6+261750,J1-4872 AB,,8.21,0.05,,8.2,0.05,,8.08,0.05,,8.06,0.05,,7.77,0.07,>,1.1,,,,,,no,no,no,no,,1,[HJS91] 4872,yso,star,III,K7,,3.7,0.2,<,2.6E-5,,66.3233,26.2972,04251767+2617504,66.323658,+26.297335,0.060,0.060,90,9.537,8.475,8.545,0.030,0.029,0.034,EAE,212,0,2450781.8075
1.462452,66.622083,26.403611,84,042629.3+262413,KPNO-3,,11.41,0.05,,10.99,0.05,,10.49,0.06,,9.72,0.05,,6.86,0.05,>,1.09,,,,,,yes,yes-faint,yes,yes,,1,[BLH2002] KPNO-Tau 3,yso,class II,II,M6,,1.6,-1.7,,0.13,,66.6221,26.4036,04262939+2624137,66.622465,+26.403830,0.060,0.060,0,13.323,12.501,12.079,0.022,0.022,0.021,AAA,222,0,2450782.7245
1.112102,66.627083,24.731944,85,042630.5+244355,J04263055+2443558,,12.57,0.05,,12.21,0.06,,11.76,0.06,,11.08,0.06,,8.87,0.15,>,1.09,,,,,,yes,no,no,yes,,1,2MASS J04263055+2443558,yso,class II,II,M8.75,,0.6,-2.4,,0.16,,66.6271,24.7319,04263055+2443558,66.627293,+24.732187,0.080,0.070,90,14.666,13.943,13.398,0.026,0.043,0.033,AAA,222,0,2450782.7257
0.541308,66.722917,26.115,86,042653.5+260654,FV Tau AB,<,6.62,,<,6.1,,,5.23,0.05,,4.56,0.05,,1.54,0.04,,-0.45,0.22,,,,yes,yes,yes,,,,1,FV Tau,,,II,K5,,8.7,0.6,,0.13,,66.7229,26.115,04265352+2606543,66.723039,+26.115103,0.060,0.060,90,9.917,8.325,7.442,0.022,0.024,0.020,AAA,211,0,2450782.7283
0.110598,66.726667,26.114167,87,042654.4+260651,FV Tau/c AB,,8.01,0.05,,7.58,0.05,,7.05,0.05,,6.29,0.05,,3.88,0.04,>,0.72,,>,-1.64,,,yes,yes,yes,yes,,1,CoKu FV Tau c,yso,class II,II,M3.5,,5.9,-0.2,,0.096,,66.7267,26.1142,04265440+2606510,66.726698,+26.114180,0.060,0.060,90,10.800,9.487,8.869,0.022,0.022,0.022,AAA,222,0,2450782.7283
1.361068,66.734167,24.726389,88,042656.2+244335,IRAS04239+2436,,7.61,0.05,,6.32,0.05,,5.38,0.05,,4.5,0.05,<,0.45,,,-2.25,0.22,,-4.63,0.34,,,,yes,yes,,1,IRAS04239+2436,,embedded,I,,,,,,,c,66.7342,24.7264,04265629+2443353,66.734571,+24.726480,0.070,0.070,0,15.754,12.353,9.992,0.092,0.039,0.023,AAA,222,1,2450782.7273
0.533977,66.73875,26.107778,89,042657.3+260628,KPNO-13,,8.75,0.05,,8.33,0.05,,7.99,0.06,,7.35,0.05,,5.32,0.04,>,0.93,,>,-2.25,,,yes,yes,yes,yes,,1,[BLH2002] KPNO-Tau 13,yso,class II,II,M5,,4.3,-0.6,,0.078,,66.7387,26.1078,04265732+2606284,66.738857,+26.107891,0.060,0.060,90,11.281,10.172,9.580,0.022,0.022,0.021,AAA,222,0,2450782.7283
0.938161,66.760833,26.091667,90,042702.6+260530,DG Tau B,,8.77,0.05,,,,,5.88,0.05,,5.24,0.05,,0.78,0.04,,-2.24,0.22,,-5.12,0.34,yes,yes,yes,,,b,2,NAME DG Tau B,,,I,,,,,,,,66.7608,26.0917,04270266+2605304,66.761087,+26.091793,0.130,0.090,135,15.600,13.317,11.819,0.072,,,AUU,266,0,2450782.7283
0.313469,66.761667,25.706111,91,042702.8+254222,DF Tau AB,<,6.62,,<,6.1,,,5.08,0.05,,4.5,0.05,,2.19,0.04,,0.7,0.22,,,,yes,yes,yes,,,,1,DF Tau,,,II,M3,,2.4,0.5,,0.11,,66.7617,25.7061,04270280+2542223,66.761671,+25.706198,0.060,0.060,0,8.171,7.256,6.734,0.026,0.023,0.024,AAA,111,0,2450782.7280
1.354821,66.769167,26.104444,92,042704.6+260616,DG Tau A,<,6.62,,<,6.1,,,4.67,0.05,,3.55,0.05,<,0.45,,<,-2.3,,<,-4.46,,,,,,,"b,c",1,DG Tau,,,II,K5e,-90.7,3.2,0.5,,0.2,"a,b",66.7692,26.1044,04270469+2606163,66.769575,+26.104530,0.060,0.060,90,8.691,7.722,6.992,0.018,0.031,0.020,AAA,111,0,2450782.7283
1.338923,66.86625,26.201389,93,042727.9+261205,KPNO-4,,12.57,0.05,,12.37,0.06,,12.21,0.06,,12.08,0.06,,10.66,0.28,>,1.05,,,,,,yes,no,no,no,,1,[BLH2002] KPNO-Tau 4,not yso,star,II,M9.5,,2.8,-2.3,,0.037,,66.8662,26.2014,04272799+2612052,66.866656,+26.201464,0.060,0.060,90,14.997,14.025,13.281,0.035,0.038,0.032,AAA,222,0,2450782.7343
1.148744,66.93875,23.956667,94,042745.3+235724,CFHT-15,,13.24,0.06,,13.15,0.06,,13.25,0.07,,13.05,0.1,>,10.55,,>,1.06,,,,,,,,no,no,,1,[MDM2001] CFHT-BD-Tau 15,,star,III,M8.25,,0.3,-2.5,<,0.0043,,66.9387,23.9567,04274538+2357243,66.939085,+23.956757,0.070,0.060,0,14.933,14.236,13.689,0.040,0.047,0.050,AAA,222,0,2450752.9251
0.316547,66.98875,26.321667,95,042757.3+261918,IRAS04248+2612 AB,,9.83,0.06,,9.1,0.05,,8.28,0.05,,7.1,0.05,,2.27,0.04,,-1.52,0.22,,-4.39,0.34,yes,yes,yes,yes,yes,,2,IRAS 04248+2612,yso,embedded,flat,M5.5,,5.8,-0.6,,0.55,,66.9887,26.3217,04275730+2619183,66.988779,+26.321751,0.080,0.060,0,13.235,11.795,11.026,0.053,0.047,0.040,EEE,222,1,2450782.7382
1.019034,67.1775,27.234167,97,042842.6+271403,J04284263+2714039 AB,,9.76,0.05,,9.53,0.05,,9.21,0.05,,8.83,0.05,,6.21,0.05,>,0.88,,,,,,yes,yes,yes,yes,,1,2MASS J04284263+2714039,yso,class II,II,M5.25,,3.7,-1.0,,0.05,,67.1775,27.2342,04284263+2714039,67.177645,+27.234419,0.060,0.060,90,12.108,11.068,10.455,0.021,0.016,0.020,AAA,222,0,2450782.7432
1.145798,67.2525,27.9175,98,042900.6+275503,J04290068+2755033,,12.3,0.05,,11.99,0.05,,11.6,0.06,,10.92,0.06,,8.06,0.07,>,0.88,,,,,,yes,no,no,yes,,1,2MASS J04290068+2755033,yso,class II,II,M8.25,,0.3,-2.1,,0.11,,67.2525,27.9175,04290068+2755033,67.252838,+27.917610,0.060,0.060,0,14.016,13.325,12.853,0.025,0.028,0.025,AAA,222,0,2450782.7490
1.219060,67.270417,26.818611,99,042904.9+264907,IRAS04260+2642,,10.08,0.05,,9.4,0.05,,8.83,0.05,,8.07,0.05,,3.6,0.04,,0.06,0.22,,,,yes,yes,yes,yes,yes,,1,IRAS04260+2642,yso,class II,I,K6,,9.1,-1.3,,0.57,,67.2704,26.8186,04290498+2649073,67.270784,+26.818697,0.060,0.060,73,14.680,13.025,11.883,0.033,0.025,0.021,AAA,222,0,2450782.7482
0.711092,67.33625,26.561111,100,042920.7+263340,J1-507,,8.56,0.05,,8.55,0.05,,8.47,0.05,,8.46,0.05,,8.29,0.1,>,1.04,,,,,,no,no,no,no,,1,[HJS91] 507,yso,star,III,M4,,0.9,-0.4,<,4.3E-5,,67.3362,26.5611,04292071+2633406,67.336297,+26.561304,0.080,0.070,0,9.821,9.089,8.791,0.021,0.024,0.018,AAA,222,0,2450782.7534
1.182682,67.34,27.023611,101,042921.6+270125,IRAS04263+2654,,8.06,0.05,,7.67,0.05,,7.31,0.05,,6.69,0.05,,3.41,0.04,,1.11,0.22,,,,yes,yes,yes,yes,yes,,1,IRAS04263+2654,yso,class II,II,M6.0,,5.9,-0.3,,0.094,,67.34,27.0236,04292165+2701259,67.340221,+27.023874,0.080,0.060,0,10.801,9.496,8.725,0.022,0.022,0.017,AAA,222,0,2450782.7531
0.544159,67.34875,24.55,102,042923.7+243300,GV Tau AB,<,6.62,,<,6.1,,<,3.49,,<,3.52,,<,0.45,,<,-2.3,,<,-1.49,,,,,,,"c,d",1,GV Tau,,,I,mid-K +emiss,-296.0,11.9,0.3,<,0.92,"a,b",67.3487,24.55,04292373+2433002,67.348893,+24.550077,0.060,0.060,90,11.544,9.587,8.054,0.025,0.023,0.024,AAA,221,0,2450782.7549
0.251978,67.37375,26.281389,103,042929.7+261653,FW Tau ABC,,9.09,0.05,,9.01,0.05,,8.88,0.05,,8.88,0.05,,7.52,0.06,>,1.07,,,,,,yes,yes,no,no,,1,FW Tau,yso,star,III,M4,,0.3,-0.6,,0.0019,,67.3737,26.2814,04292971+2616532,67.373792,+26.281448,0.070,0.060,0,10.340,9.675,9.388,0.022,0.022,0.018,AAA,222,0,2450782.7536
1.094028,67.375,24.665278,104,042930.0+243955,IRAS04264+2433,,10.21,0.05,,9.43,0.05,,8.6,0.05,,6.72,0.05,,1.12,0.04,,-1.37,0.22,>,-1.94,,yes,yes,yes,yes,yes,,1,IRAS04264+2433,yso,embedded,I,M1,,9.5,-0.9,,0.75,,67.375,24.6653,04293008+2439550,67.375334,+24.665293,0.060,0.060,90,13.728,11.982,11.135,0.036,0.031,0.027,AAA,222,0,2450782.7548
0.822924,67.422917,26.549444,105,042941.5+263258,DH Tau AB,,7.63,0.05,,7.33,0.05,,7.2,0.05,,6.86,0.05,,3.37,0.04,,0.82,0.22,,,,yes,yes,yes,yes,yes,,1,DH Tau,yso,star,II,M1,,2.5,-0.1,,0.086,,67.4229,26.5494,04294155+2632582,67.423158,+26.549520,0.080,0.070,0,9.767,8.824,8.178,0.021,0.026,0.026,AAA,211,0,2450782.7534
1.058612,67.426667,26.546944,106,042942.4+263249,DI Tau AB,,8.21,0.05,,8.22,0.05,,8.14,0.05,,8.11,0.05,,,,>,0.72,,,,,,,,no,no,,1,DI Tau,,star,III,M0,,0.5,-0.1,<,0.0011,,67.4267,26.5469,04294247+2632493,67.426981,+26.547031,0.080,0.070,0,9.323,8.599,8.391,0.026,0.024,0.020,AAA,112,0,2450782.7534
1.344599,67.44,26.512778,107,042945.6+263046,KPNO-5,,11.05,0.05,,11.02,0.05,,10.94,0.06,,10.83,0.06,>,9.71,,>,0.9,,,,,,,,no,no,,1,[BLH2002] KPNO-Tau 5,,star,III,M7.5,,0.6,-1.6,<,0.0025,,67.44,26.5128,04294568+2630468,67.440334,+26.513002,0.080,0.070,0,12.640,11.918,11.536,0.024,0.024,0.018,AAA,222,0,2450782.7534
1.230999,67.464583,26.112222,108,042951.5+260644,IQ Tau,,6.81,0.05,,6.37,0.05,,6.07,0.05,,5.53,0.05,,2.82,0.04,,0.32,0.22,,,,yes,yes,yes,yes,yes,,1,IQ Tau,yso,class II,II,M0.5,,2.9,0.1,,0.19,,67.4646,26.1122,04295156+2606448,67.464844,+26.112471,0.080,0.060,0,9.415,8.417,7.779,0.020,0.023,0.023,AAA,211,0,2450782.7574
0.860016,67.497917,24.551944,109,042959.5+243307,CFHT-20,,9.02,0.05,,8.55,0.05,,8.32,0.05,,7.84,0.05,,4.91,0.04,,2.06,0.22,,,,yes,yes,yes,yes,yes,,1,[MDM2001] CFHT-BD-Tau 20,yso,class II,II,M5.5,,4.6,-0.7,,0.1,,67.4979,24.5519,04295950+2433078,67.497950,+24.552181,0.060,0.060,0,11.683,10.536,9.810,0.024,0.027,0.021,AAA,222,0,2450782.7562
0.990393,67.53,26.138889,110,043007.2+260820,KPNO-6,,13.12,0.06,,12.77,0.06,,12.42,0.06,,11.58,0.06,,9.2,0.19,>,1.01,,,,,,yes-faint,no,no,yes,,1,[BLH2002] KPNO-Tau 6,not yso,class II,II,M8.5,,1.2,-2.4,,0.1,,67.53,26.1389,04300724+2608207,67.530184,+26.139109,0.080,0.060,0,14.995,14.197,13.689,0.031,0.039,0.037,AAA,222,0,2450782.7574
1.243952,67.598333,23.986667,111,043023.6+235912,CFHT-16,,13.23,0.06,,13.15,0.06,,13.04,0.08,,12.99,0.09,>,10.54,,>,1.0,,,,,,,,no,no,,1,[MDM2001] CFHT-BD-Tau 16,,star,III,M8.5,,0.5,-2.5,<,0.0038,,67.5983,23.9867,04302365+2359129,67.598562,+23.986942,0.080,0.060,88,14.960,14.244,13.698,0.037,0.043,0.053,AAA,222,0,2450753.7940
0.193484,67.623333,24.445833,112,043029.6+242645,FX Tau AB,,7.22,0.05,,6.96,0.05,,6.69,0.05,,5.97,0.05,,3.03,0.04,,1.09,0.22,,,,yes,yes,yes,yes,yes,,1,FX Tau,yso,class II,II,M1,,2.9,0.1,,0.081,,67.6233,24.4458,04302961+2426450,67.623390,+24.445847,0.060,0.060,90,9.388,8.398,7.924,0.024,0.018,0.016,AAA,211,0,2450782.7718
0.834989,67.684167,26.023333,113,043044.2+260124,DK Tau AB,<,6.62,,<,6.1,,,5.52,0.05,,4.78,0.05,,1.85,0.04,,0.08,0.22,,0.57,0.22,yes,yes,yes,,,,1,DK Tau,,,II,K7,,2.9,0.4,,0.13,,67.6842,26.0233,04304425+2601244,67.684380,+26.023464,0.070,0.060,0,8.719,7.758,7.096,0.030,0.024,0.016,AAA,111,0,2450782.7706
1.390463,67.709167,23.002222,114,043050.2+230008,IRAS04278+2253,<,6.62,,<,6.1,,<,3.49,,<,3.52,,<,0.45,,,-1.87,0.22,,-3.88,0.34,,,,,,,1,IRAS04278+2253,,,II,F1,,13.6,1.8,,0.075,,67.7092,23.0022,04305028+2300088,67.709500,+23.002457,0.070,0.060,0,8.778,7.040,5.855,0.024,0.015,0.023,AAA,111,0,2451483.8585
1.099829,67.71375,24.706111,115,043051.3+244222,ZZ Tau AB,,8.08,0.05,,7.9,0.05,,7.61,0.05,,6.94,0.05,,4.53,0.04,>,0.72,,>,-4.46,,,yes,yes,yes,yes,b,1,ZZ Tau,yso,class II,II,M5,-9.7,1.6,-0.2,,0.029,b,67.7137,24.7061,04305137+2442222,67.714076,+24.706186,0.060,0.060,90,9.495,8.695,8.441,0.021,0.029,0.021,AAA,212,0,2450782.7716
0.543022,67.715417,24.696389,116,043051.7+244147,ZZ Tau IRS,,8.11,0.05,,7.38,0.05,,6.73,0.05,,5.78,0.05,,2.01,0.04,,-0.99,0.22,,-3.61,0.22,yes,yes,yes,yes,yes,b,1,ZZ Tau IRS,yso,class II,flat,M4.5,,6.9,-0.9,,0.76,,67.7154,24.6964,04305171+2441475,67.715473,+24.696531,0.060,0.060,90,12.842,11.435,10.314,0.023,0.026,0.023,AAA,222,0,2450782.7716
1.268902,67.737917,25.944167,117,043057.1+255639,KPNO-7,,12.62,0.05,,12.28,0.05,,11.99,0.06,,11.25,0.06,,8.62,0.12,>,1.23,,,,,,yes,no,no,yes,,1,[BLH2002] KPNO-Tau 7,not yso,class II,II,M8.25,,0.3,-2.3,,0.13,,67.7379,25.9442,04305718+2556394,67.738280,+25.944300,0.060,0.060,90,14.521,13.828,13.272,0.033,0.027,0.033,AAA,222,0,2450782.7741
1.129932,67.81,27.171389,118,043114.4+271017,JH56,,8.72,0.05,,8.75,0.05,,8.66,0.05,,8.6,0.05,,6.76,0.02,>,0.75,,,,,,yes,yes,no,no,,1,JH56,yso,star,III,M0.5,,0.0,-0.3,,0.0025,,67.81,27.1714,04311444+2710179,67.810168,+27.171665,0.060,0.060,0,9.705,9.036,8.794,0.022,0.022,0.017,AAA,222,0,2450782.7750
1.226631,67.829167,23.584444,119,043119.0+233504,J04311907+2335047,,11.66,0.05,,11.53,0.05,,11.56,0.06,,11.46,0.06,>,10.59,,>,0.86,,,,,,,,no,no,,1,2MASS J04311907+2335047,,star,III,M7.75,,1.2,-1.8,<,0.0032,,67.8292,23.5844,04311907+2335047,67.829468,+23.584644,0.080,0.070,0,13.507,12.716,12.195,0.026,0.034,0.022,AAA,222,0,2451483.8668
0.979124,67.849167,24.181111,120,043123.8+241052,V927 Tau AB,,8.52,0.05,,8.47,0.05,,8.38,0.05,,8.38,0.05,,8.19,0.09,>,0.91,,,,,,no,no,no,no,,1,V927 Tau,yso,star,III,M5.5,,0.4,-0.4,<,5.5E-5,,67.8492,24.1811,04312382+2410529,67.849258,+24.181370,0.080,0.070,90,9.729,9.060,8.768,0.021,0.028,0.019,AAA,222,0,2450782.7728
1.452332,67.860833,27.055,121,043126.6+270318,CFHT-13,,12.9,0.06,,12.75,0.06,,12.72,0.07,,12.7,0.07,,10.72,0.29,>,0.68,,,,,,yes,no,no,no,,1,[MDM2001] CFHT-BD-Tau 13,yso,star,III,M7.25,,1.8,-2.3,,0.0062,,67.8608,27.055,04312669+2703188,67.861209,+27.055225,0.070,0.060,0,14.828,13.967,13.450,0.035,0.038,0.033,AAA,222,0,2450782.7796
0.897876,67.960417,24.405,122,043150.5+242418,HK Tau AB,,7.71,0.05,,7.35,0.05,,7.1,0.05,,6.58,0.05,,2.31,0.04,,-0.81,0.22,,-3.02,0.22,yes,yes,yes,yes,yes,,1,HK Tau,yso,class II,II,M0.5,,4.7,-0.2,,0.22,,67.9604,24.405,04315056+2424180,67.960690,+24.405020,0.070,0.070,0,10.451,9.253,8.593,0.022,0.022,0.018,AAA,222,0,2450782.7815
1.091391,67.993333,25.724722,123,043158.4+254329,J1-665,,9.35,0.05,,9.29,0.05,,9.24,0.05,,9.22,0.05,,9.04,0.17,>,1.08,,,,,,no,no,no,no,,1,[HJS91] 665,yso,star,III,M5,,1.2,-0.6,<,3.1E-5,,67.9933,25.7247,04315844+2543299,67.993515,+25.724977,0.090,0.070,0,10.585,9.828,9.559,0.021,0.022,0.020,AAA,222,0,2450782.7836
1.509744,68.013333,25.468611,124,043203.2+252807,J04320329+2528078,,10.3,0.05,,10.2,0.05,,10.13,0.06,,10.09,0.06,>,9.67,,>,1.03,,,,,,,,no,no,,1,2MASS J04320329+2528078,,star,III,M6.25,,0.0,-1.2,<,0.0025,,68.0133,25.4686,04320329+2528078,68.013725,+25.468836,0.080,0.070,0,11.716,11.109,10.721,0.022,0.022,0.018,AAA,222,0,2450782.7834
0.757210,68.064167,24.483056,125,043215.4+242859,Haro6-13,<,6.62,,<,6.1,,,5.49,0.05,,4.85,0.05,,0.88,0.04,,-1.43,0.22,,-4.02,0.34,yes,yes,yes,,,,1,Haro6-13,,,flat,M0,,11.0,0.2,,0.32,,68.0642,24.4831,04321540+2428597,68.064208,+24.483263,0.160,0.100,0,11.237,9.319,8.101,0.024,0.020,0.029,AAA,221,0,2450782.7827
1.294658,68.074167,24.370556,126,043217.8+242214,CFHT-7 AB,,9.98,0.05,,9.87,0.05,,9.76,0.05,,9.72,0.05,,9.3,0.28,>,0.86,,,,,,yes,no,no,no,,1,[MDM2001] CFHT-BD-Tau 7,yso,star,III,M6.5,,0.9,-1.1,<,2.1E-4,,68.0742,24.3706,04321786+2422149,68.074424,+24.370829,0.150,0.110,0,11.539,10.791,10.382,0.020,0.020,0.020,AAA,222,0,2450782.7826
0.806509,68.078333,24.374167,127,043218.8+242227,V928 Tau AB,,7.86,0.05,,7.82,0.05,,7.72,0.05,,7.64,0.05,,7.54,0.06,>,0.84,,,,,,no,no,no,no,,1,V928 Tau,yso,star,III,M0.5,,3.9,0.1,<,2.9E-5,,68.0783,24.3742,04321885+2422271,68.078575,+24.374207,0.150,0.110,0,9.538,8.432,8.106,0.020,0.021,0.021,AAA,211,0,2450782.7826
1.403032,68.096667,24.050278,128,043223.2+240301,J04322329+2403013,,10.89,0.05,,10.83,0.05,,10.79,0.06,,10.67,0.06,>,9.82,,>,0.91,,,,,,,,no,no,,1,2MASS J04322329+2403013,,star,III,M7.75,,0.0,-1.5,<,0.0026,,68.0967,24.0503,04322329+2403013,68.097078,+24.050383,0.150,0.130,0,12.335,11.691,11.327,0.024,0.023,0.020,AAA,222,0,2450782.7824
1.130114,68.127083,24.3325,129,043230.5+241957,FY Tau,,7.18,0.05,,6.76,0.05,,6.5,0.05,,5.99,0.05,,3.67,0.04,,,,,,,,yes,yes,yes,yes,,1,FY Tau,yso,class II,II,K7,,5.9,0.2,,0.061,,68.1271,24.3325,04323058+2419572,68.127417,+24.332577,0.070,0.060,0,9.982,8.676,8.052,0.022,0.026,0.016,AAA,211,0,2450782.7912
1.331532,68.132083,24.333889,130,043231.7+242002,FZ Tau,<,6.62,,<,6.1,,,5.27,0.05,,4.58,0.05,,2.06,0.04,,0.31,0.22,,,,yes,yes,yes,,,,1,FZ Tau,,,II,M0,,7.2,0.4,,0.17,,68.1321,24.3339,04323176+2420029,68.132352,+24.334166,0.070,0.060,0,9.895,8.400,7.347,0.022,0.029,0.017,AAA,211,0,2450782.7912
1.014612,68.133333,22.957222,131,043232.0+225726,IRAS04295+2251,,8.63,0.05,,7.72,0.05,,6.83,0.05,,5.32,0.05,,1.4,0.04,,-1.32,0.22,,-3.93,0.34,yes,yes,yes,yes,yes,,1,IRAS04295+2251,yso,embedded,I,,,,,,,c,68.1333,22.9572,04323205+2257266,68.133562,+22.957409,0.070,0.060,7,14.889,11.982,10.141,0.044,0.036,0.024,AAA,222,0,2451814.9576
0.500667,68.179167,25.875278,132,043243.0+255231,UZ Tau Aab,<,6.62,,<,6.1,,,5.63,0.05,,4.79,0.05,,1.54,0.04,,-0.69,0.22,,-2.15,0.22,yes,yes,yes,,,b,2,NAME UZ Tau A,,,II,M1,-80.3,0.0,0.0,,0.41,a,68.1792,25.8753,04324303+2552311,68.179316,+25.875315,0.110,0.110,0,9.136,8.117,7.354,,,0.033,UUA,661,0,2450782.7901
2.336717,68.179167,25.875278,132,043243.0+255231,UZ Tau Aab,<,6.62,,<,6.1,,,5.63,0.05,,4.79,0.05,,1.54,0.04,,-0.69,0.22,,-2.15,0.22,yes,yes,yes,,,b,2,NAME UZ Tau A,,,II,M1,-80.3,0.0,0.0,,0.41,a,68.1792,25.8753,04324282+2552314,68.178457,+25.875393,0.060,0.060,163,9.413,8.006,7.474,0.047,0.017,0.027,AAA,211,0,2450782.7901
0.818303,68.204583,22.883889,133,043249.1+225302,JH112,,7.41,0.05,,7.12,0.05,,6.83,0.05,,5.89,0.05,,2.53,0.04,,0.72,0.22,,,,yes,yes,yes,yes,yes,,1,JH112,yso,class II,II,K6,,5.5,0.1,,0.11,,68.2046,22.8839,04324911+2253027,68.204636,+22.884111,0.060,0.060,90,10.238,8.995,8.169,0.027,0.032,0.023,AAA,221,0,2451814.9853
1.055952,68.209167,24.369722,134,043250.2+242211,CFHT-5,,10.46,0.05,,10.27,0.05,,10.09,0.06,,10.07,0.06,,9.56,0.29,>,1.16,,>,-1.44,,,yes,no,no,no,,1,[MDM2001] CFHT-BD-Tau 5,yso,star,III,M7.5,,9.5,-1.1,<,1.5E-4,,68.2092,24.3697,04325026+2422115,68.209439,+24.369879,0.080,0.060,0,13.961,12.222,11.283,0.028,0.024,0.022,AAA,222,0,2450782.7912
1.052827,68.257917,24.35,135,043301.9+242100,MHO-8,,9.32,0.05,,9.21,0.05,,9.14,0.05,,9.09,0.05,,8.92,0.15,>,0.88,,,,,,no,no,no,no,,1,[BHS98] MHO 8,yso,star,III,M5.5,,0.9,-0.8,<,1.2E-4,,68.2579,24.35,04330197+2421000,68.258238,+24.350002,0.080,0.070,90,10.862,10.140,9.726,0.021,0.022,0.018,AAA,222,0,2450782.7923
1.040694,68.275833,24.159167,136,043306.2+240933,GH Tau AB,,7.08,0.05,,6.77,0.05,,6.5,0.05,,6.03,0.05,,3.17,0.04,,0.43,0.22,,,,yes,yes,yes,yes,yes,,1,GH Tau,yso,class II,II,M2,,1.9,0.1,,0.093,,68.2758,24.1592,04330622+2409339,68.275934,+24.159441,0.110,0.070,90,9.109,8.234,7.794,0.021,0.027,0.021,AAA,211,0,2450782.7921
1.138139,68.2775,24.165,137,043306.6+240954,V807 Tau AB,<,6.62,,,6.21,0.05,,5.96,0.05,,5.57,0.05,,2.96,0.04,,0.36,0.22,,,,yes,yes,yes,yes,,,1,V807 Tau,,,II,K7,,1.3,0.5,,0.05,,68.2775,24.165,04330664+2409549,68.277669,+24.165276,0.110,0.070,90,8.146,7.357,6.960,0.023,0.026,0.016,AAA,111,0,2450782.7921
0.647945,68.2825,26.268333,138,043307.8+261606,KPNO-14,,9.78,0.05,,9.67,0.06,,9.6,0.05,,9.58,0.05,,9.04,0.12,>,1.44,,>,-1.91,,,yes,yes-faint,no,no,,1,[BLH2002] KPNO-Tau 14,yso,star,III,M6,,4.1,-0.9,<,1.2E-4,,68.2825,26.2683,04330781+2616066,68.282542,+26.268509,0.060,0.060,0,11.907,10.805,10.269,0.022,0.022,0.020,AAA,222,0,2450782.7937
1.056813,68.289167,22.78,139,043309.4+224648,CFHT-12,,10.86,0.05,,10.63,0.05,,10.34,0.06,,9.95,0.06,,8.25,0.07,>,1.16,,,,,,yes,yes-faint,yes,yes,,1,[MDM2001] CFHT-BD-Tau 12,yso,class II,II,M6.5,,3.2,-1.5,,0.036,,68.2892,22.78,04330945+2246487,68.289405,+22.780195,0.080,0.060,0,13.154,12.142,11.545,0.022,0.021,0.018,AAA,222,0,2451135.9319
0.586437,68.291667,24.561944,140,043310.0+243343,V830 Tau,,8.41,0.05,,8.41,0.05,,8.37,0.05,,8.32,0.05,,8.14,0.08,>,1.03,,,,,,no,no,no,no,,1,V830 Tau,yso,star,III,K7,,0.7,-0.1,<,4.5E-5,,68.2917,24.5619,04331003+2433433,68.291803,+24.562050,0.070,0.060,90,9.325,8.613,8.422,0.021,0.016,0.021,AAA,212,0,2450782.7924
0.943468,68.309583,26.239722,141,043314.3+261423,IRAS04301+2608,,12.05,0.05,,11.72,0.05,,11.29,0.06,,9.54,0.05,,3.28,0.04,,1.12,0.22,>,-0.95,,yes,yes,yes-faint,yes-faint,yes,,1,IRAS S04301+2608,yso,contam.,flat,M0,,6.5,-1.6,,0.62,c,68.3096,26.2397,04331435+2614235,68.309830,+26.239862,0.060,0.060,0,14.637,13.227,12.496,0.034,0.027,0.026,AAA,222,0,2450782.7936
0.399820,68.31875,22.888889,142,043316.5+225320,IRAS04302+2247,,10.29,0.05,,9.88,0.05,,9.72,0.05,,9.71,0.06,,3.57,0.04,,-1.88,0.22,,-4.51,0.34,yes,yes,yes-faint,no,no,,1,IRAS04302+2247,yso,star,I,,,,,,,c,68.3187,22.8889,04331650+2253204,68.318754,+22.889000,0.080,0.060,0,14.682,12.900,11.718,0.059,0.060,0.048,AEE,222,1,2451135.9320
0.999470,68.329167,22.776111,143,043319.0+224634,IRAS04303+2240,<,6.62,,<,6.1,,,4.77,0.05,,3.73,0.05,,1.43,0.04,,-0.11,0.22,,,,yes,yes,yes,,,,1,IRAS04303+2240,,,II,M0.5,,10.8,0.2,,0.45,,68.3292,22.7761,04331907+2246342,68.329460,+22.776175,0.080,0.060,0,11.103,9.209,7.673,0.020,0.023,0.027,AAA,221,0,2451135.9319
0.781748,68.391667,24.354722,144,043334.0+242117,GI Tau,,6.87,0.05,,6.31,0.05,,5.79,0.05,,5.12,0.05,,2.15,0.04,,,,,,,,yes,yes,yes,yes,,1,GI Tau,yso,class II,II,K6,,2.7,0.2,,0.19,,68.3917,24.3547,04333405+2421170,68.391905,+24.354734,0.070,0.060,90,9.341,8.418,7.888,0.020,0.021,0.023,AAA,211,0,2450782.8009
1.185287,68.39375,24.351389,145,043334.5+242105,GK Tau,<,6.62,,<,6.1,,,5.79,0.05,,5.14,0.05,,1.7,0.04,,-0.23,0.22,,,,yes,yes,yes,,,,1,GK Tau,,,II,K7,,2.7,0.3,,0.16,,68.3937,24.3514,04333456+2421058,68.394002,+24.351625,0.070,0.060,90,9.053,8.108,7.468,0.027,0.026,0.021,AAA,111,0,2450782.8009
1.183095,68.402917,26.163611,146,043336.7+260949,IS Tau AB,,7.85,0.05,,7.46,0.05,,6.94,0.05,,6.03,0.05,,3.65,0.04,,2.08,0.22,>,-0.83,,yes,yes,yes,yes,yes,,1,IS Tau,yso,class II,II,K7,,3.5,-0.2,,0.15,,68.4029,26.1636,04333678+2609492,68.403277,+26.163671,0.060,0.060,90,10.323,9.293,8.642,0.021,0.023,0.018,AAA,222,0,2450782.7996
0.869507,68.4125,25.343889,147,043339.0+252038,DL Tau,,6.95,0.05,,6.37,0.05,,5.92,0.05,,5.13,0.05,,2.19,0.04,,-0.25,0.22,,-2.44,0.22,yes,yes,yes,yes,yes,,1,DL Tau,yso,class II,II,K7,,2.8,0.0,,0.26,,68.4125,25.3439,04333906+2520382,68.412758,+25.343952,0.060,0.060,90,9.630,8.679,7.960,0.021,0.027,0.021,AAA,211,0,2450782.8002
0.212064,68.42875,25.446389,148,043342.9+252647,J04334291+2526470,,12.76,0.06,,12.63,0.06,,12.52,0.07,,12.47,0.07,>,11.05,,>,1.43,,,,,,,,no,no,,1,2MASS J04334291+2526470,,star,III,M8.75,,1.2,-2.3,<,0.0042,,68.4287,25.4464,04334291+2526470,68.428815,+25.446394,0.060,0.060,90,14.639,13.849,13.328,0.035,0.032,0.033,AAA,222,0,2450782.8001
0.190719,68.466667,22.841667,149,043352.0+225030,CI Tau,,6.99,0.05,,6.53,0.05,,6.17,0.05,,5.33,0.05,,2.37,0.04,,-0.8,0.22,,,,yes,yes,yes,yes,yes,,1,CI Tau,yso,class II,II,K7,,3.6,0.2,,0.14,,68.4667,22.8417,04335200+2250301,68.466686,+22.841717,0.080,0.070,0,9.480,8.431,7.793,0.020,0.040,0.020,AAA,211,0,2451135.9340
0.955829,68.46875,22.940556,150,043352.5+225626,2MASS J04335252+2256269,,8.79,0.05,,8.71,0.05,,8.63,0.05,,8.6,0.05,,8.32,0.09,>,1.41,,,,,,no,no,no,no,,1,2MASS J04335252+2256269,yso,star,III,,,,,,,,68.4687,22.9406,04335252+2256269,68.468844,+22.940807,0.070,0.070,0,10.240,9.466,9.110,0.020,0.023,0.020,AAA,222,0,2451135.9339
0.522250,68.477917,26.224167,151,043354.7+261327,IT Tau AB,,7.35,0.05,,6.98,0.05,,6.63,0.05,,6.05,0.05,,3.53,0.04,,0.83,0.22,>,-1.28,,yes,yes,yes,yes,yes,,1,IT Tau,yso,class II,II,K2,,13.4,0.9,,0.0082,,68.4779,26.2242,04335470+2613275,68.477922,+26.224312,0.060,0.060,90,9.866,8.591,7.860,0.025,0.036,0.026,EAA,211,0,2450782.7995
1.391048,68.545417,22.862222,152,043410.9+225144,JH108,,9.3,0.05,,9.27,0.05,,9.19,0.05,,9.17,0.05,,8.88,0.12,>,1.15,,,,,,no,no,no,no,,1,JH108,yso,star,III,M1,,1.7,-0.5,<,6.8E-5,,68.5454,22.8622,04341099+2251445,68.545803,+22.862373,0.070,0.070,90,10.593,9.744,9.426,0.023,0.022,0.018,AAA,222,0,2451135.9417
1.381074,68.563333,22.841667,153,043415.2+225030,CFHT-1,,11.23,0.05,,11.1,0.05,,10.98,0.06,,11.02,0.06,>,9.94,,>,1.0,,,,,,,,no,no,,1,[MDM2001] CFHT-BD-Tau 1,,star,II,,,,,,,,68.5633,22.8417,04341527+2250309,68.563634,+22.841932,0.080,0.060,90,13.740,12.537,11.849,0.027,0.024,0.018,AAA,222,0,2451135.9416
1.259237,68.663333,25.016944,154,043439.2+250101,Wa Tau 1,,7.83,0.05,,7.79,0.05,,7.75,0.05,,7.73,0.05,,7.67,0.07,>,0.85,,,,,,no,no,no,no,,1,Wa Tau 1,star,star,III,K0,,0.3,0.3,<,3.4E-5,,68.6633,25.0169,04343929+2501010,68.663719,+25.016945,0.070,0.060,90,8.422,7.932,7.799,0.021,0.024,0.021,AAA,111,0,2450782.8171
0.365497,68.730833,24.481389,155,043455.4+242853,AA Tau,,7.29,0.05,,6.84,0.05,,6.44,0.05,,5.65,0.05,,2.81,0.04,,-0.14,0.22,,-2.47,0.22,yes,yes,yes,yes,yes,,1,AA Tau,yso,class II,II,K7,,2.2,0.1,,0.15,,68.7308,24.4814,04345542+2428531,68.730933,+24.481434,0.070,0.070,90,9.433,8.546,8.047,0.024,0.023,0.024,AAA,211,0,2450782.8175
0.870873,68.785417,23.194167,156,043508.5+231139,CFHT-11,,11.19,0.05,,11.12,0.05,,11.04,0.06,,10.99,0.06,,10.23,0.2,>,0.37,,,,,,yes,no,no,no,,1,[MDM2001] CFHT-BD-Tau 11,not yso,star,III,M6.75,,0.0,-1.6,,5.1E-4,,68.7854,23.1942,04350850+2311398,68.785450,+23.194407,0.060,0.060,90,12.528,11.938,11.592,0.022,0.021,0.018,AAA,222,0,2451089.9095
0.607436,68.834167,22.537222,157,043520.2+223214,HO Tau,,8.9,0.05,,8.52,0.05,,8.38,0.05,,7.73,0.05,,4.85,0.04,,2.43,0.22,,,,yes,yes,yes,yes,yes,,1,HO Tau,yso,class II,II,M0.5,,2.6,-0.7,,0.11,,68.8342,22.5372,04352020+2232146,68.834184,+22.537390,0.060,0.060,0,11.202,10.244,9.731,0.022,0.021,0.018,AAA,222,0,2451089.9090
1.398421,68.836667,22.906667,158,043520.8+225424,FF Tau AB,,8.45,0.05,,8.44,0.05,,8.42,0.05,,8.36,0.05,,8.15,0.09,>,1.26,,,,,,no,no,no,no,,1,FF Tau,yso,star,III,K7,0.0,1.9,-0.1,<,6.3E-5,,68.8367,22.9067,04352089+2254242,68.837082,+22.906736,0.060,0.060,0,9.781,8.933,8.592,0.022,0.024,0.018,AAA,212,0,2451089.9093
1.387395,68.86375,24.249444,159,043527.3+241458,DN Tau,,7.47,0.05,,7.16,0.05,,6.78,0.05,,6.03,0.05,,3.04,0.04,,0.44,0.22,>,0.04,,yes,yes,yes,yes,yes,,1,DN Tau,yso,class II,II,M0,,1.1,0.0,,0.095,,68.8637,24.2494,04352737+2414589,68.864062,+24.249704,0.070,0.070,0,9.139,8.342,8.015,0.021,0.027,0.021,AAA,111,0,2450782.8186
1.324898,68.897083,24.138611,160,043535.3+240819,IRAS04325+2402 A,,9.93,0.05,,9.28,0.05,,9.06,0.05,,8.54,0.05,,1.43,0.04,,-2.26,0.22,,-5.07,0.34,yes,yes,yes,yes,yes,,1,IRAS04325+2402,yso,class II,I,,,,,,,c,68.8971,24.1386,04353539+2408194,68.897465,+24.138729,0.090,0.090,8,17.129,13.738,11.601,0.221,0.064,0.043,DAE,222,1,2450782.8185
0.921035,68.920417,24.185556,161,043540.9+241108,CoKu Tau/3 AB,,7.43,0.05,,6.95,0.05,,6.48,0.05,,5.64,0.05,,3.31,0.04,,1.33,0.22,>,-2.14,,yes,yes,yes,yes,yes,,1,NAME CoKu Tau 3,yso,class II,II,M1,,7.7,0.1,,0.11,,68.9204,24.1856,04354093+2411087,68.920574,+24.185768,0.070,0.070,0,10.731,9.197,8.411,0.026,0.026,0.024,AAE,222,0,2450782.8186
0.800973,68.924167,22.569722,162,043541.8+223411,KPNO-8,,11.64,0.05,,11.54,0.05,,11.43,0.06,,11.46,0.06,>,10.71,,>,1.12,,,,,,,,no,no,,1,[BLH2002] KPNO-Tau 8,,star,III,M5.75,,0.0,-1.7,<,0.002,,68.9242,22.5697,04354183+2234115,68.924331,+22.569885,0.060,0.060,90,12.946,12.367,11.985,0.022,0.021,0.022,AAA,222,0,2451089.9114
0.840167,68.938333,27.620278,163,043545.2+273713,J04354526+2737130,,13.18,0.06,,13.11,0.06,,12.93,0.07,,13.07,0.11,>,10.62,,>,1.47,,,,,,,,no,no,,1,2MASS J04354526+2737130,,star,III,M9.25,,1.0,-2.5,<,0.0021,,68.9383,27.6203,04354526+2737130,68.938595,+27.620302,0.060,0.060,90,15.016,14.243,13.714,0.046,0.043,0.032,AAA,222,0,2451508.8076
0.855651,68.947083,22.839167,164,043547.3+225021,HQ Tau,<,6.62,,<,6.1,,,5.61,0.05,,4.47,0.05,,1.65,0.04,,-0.18,0.22,,,,yes,yes,yes,,,,1,HQ Tau,,,II,K2,-1.2,3.8,0.6,,0.098,"b,c",68.9471,22.8392,04354733+2250216,68.947232,+22.839361,0.060,0.060,0,8.655,7.731,7.135,0.024,0.016,0.021,AAA,111,0,2451089.9113
1.383618,68.9625,22.877778,165,043551.0+225240,KPNO-15,,9.79,0.05,,9.72,0.05,,9.66,0.05,,9.65,0.05,,9.71,0.11,>,0.72,,,,,,no,no,no,no,,1,[BLH2002] KPNO-Tau 15,star,star,III,M1.5,,2.7,-0.7,<,2.2E-5,,68.9625,22.8778,04355109+2252401,68.962915,+22.877817,0.060,0.060,0,11.308,10.345,10.007,0.021,0.021,0.021,AAA,222,0,2451089.9112
1.046475,68.964167,22.819722,166,043551.4+224911,KPNO-9,,13.63,0.06,,13.52,0.06,,13.7,0.12,,13.41,0.17,>,10.93,,>,0.86,,,,,,,,no,no,,1,[BLH2002] KPNO-Tau 9,,star,III,M8.5,,1.4,-2.6,<,0.004,,68.9642,22.8197,04355143+2249119,68.964299,+22.819986,0.060,0.060,17,15.476,14.660,14.185,0.044,0.040,0.053,AAA,222,0,2451089.9113
1.636355,68.966667,22.9175,167,043552.0+225503,2MASS J04355209+2255039,,9.56,0.05,,9.52,0.05,,9.39,0.05,,9.35,0.06,,,,>,0.5,,,,,,,,no,no,,1,2MASS J04355209+2255039,,star,III,,,,,,,,68.9667,22.9175,04355209+2255039,68.967064,+22.917770,0.060,0.060,0,11.310,10.230,9.809,0.022,0.022,0.019,AAA,222,0,2451089.9112
1.076902,68.969583,22.906389,168,043552.7+225423,HP Tau AB,<,6.62,,,6.2,0.05,,5.65,0.05,,4.88,0.05,,1.49,0.04,,-1.93,0.22,,-4.48,0.34,yes,yes,yes,yes,,,1,HP Tau,,,II,K3,-11.2,4.8,0.3,,0.24,d,68.9696,22.9064,04355277+2254231,68.969906,+22.906420,0.060,0.060,0,9.549,8.469,7.625,0.022,0.065,0.024,AAA,211,0,2451089.9112
1.122202,68.97,22.849444,169,043552.8+225058,2MASS J04355286+2250585,,9.46,0.05,,9.36,0.05,,9.28,0.05,,9.29,0.05,,9.1,0.13,>,0.93,,,,,,no,no,no,no,,1,2MASS J04355286+2250585,yso,star,III,,,,,,,,68.97,22.8494,04355286+2250585,68.970289,+22.849606,0.060,0.060,0,10.990,10.111,9.750,0.023,0.022,0.019,AAA,222,0,2451089.9112
1.669103,68.9725,22.902222,170,043553.4+225408,HP Tau/G3 AB,,8.62,0.05,,8.6,0.05,,8.51,0.05,,8.47,0.06,,,,>,-0.03,,>,-2.19,,,,,no,no,,1,CoKu HP Tau G3,,star,III,K7,,2.2,-0.2,<,0.0011,,68.9725,22.9022,04355349+2254089,68.972913,+22.902487,0.060,0.060,0,10.041,9.154,8.797,0.023,0.022,0.021,AAA,222,0,2451089.9112
0.853666,68.975417,22.903611,171,043554.1+225413,HP Tau/G2,,7.19,0.05,,7.17,0.05,,7.11,0.05,,7.02,0.05,,,,>,-0.03,,>,-2.35,,,,,no,no,,1,CoKu HP Tau G2,,star,III,G0,,2.6,0.8,<,5.9E-4,,68.9754,22.9036,04355415+2254134,68.975633,+22.903740,0.060,0.060,0,8.103,7.489,7.234,0.020,0.036,0.016,AAA,111,0,2451089.9112
0.570765,68.986667,22.91,172,043556.8+225436,Haro 6-28 AB,,8.61,0.05,,8.18,0.05,,7.85,0.05,,7.14,0.05,,4.39,0.04,>,0.7,,>,-2.24,,,yes,yes,yes,yes,,1,Haro 6-28,yso,class II,II,M5,,4.1,-0.6,,0.11,,68.9867,22.91,04355684+2254360,68.986839,+22.910006,0.060,0.060,0,11.142,10.055,9.531,0.022,0.022,0.020,AAA,222,0,2451089.9112
0.517524,68.995417,22.643056,173,043558.9+223835,2MASS J04355892+2238353,,8.15,0.05,,8.19,0.05,,8.1,0.05,,8.06,0.05,,,,>,1.12,,,,,,,,no,no,,1,2MASS J04355892+2238353,,star,III,,,,,,,,68.9954,22.6431,04355892+2238353,68.995541,+22.643143,0.060,0.060,90,9.316,8.596,8.371,0.023,0.020,0.023,AAA,211,0,2451089.9114
0.466656,69.042917,21.993333,174,043610.3+215936,J04361030+2159364,,13.02,0.06,,12.74,0.06,,12.41,0.06,,11.74,0.06,,9.01,0.18,>,1.07,,,,,,yes-faint,no,no,yes,,1,2MASS J04361030+2159364,not yso,class II,II,M8.5,,0.8,-2.4,,0.096,,69.0429,21.9933,04361030+2159364,69.042945,+21.993460,0.070,0.060,0,14.860,14.110,13.645,0.036,0.027,0.036,AAA,222,0,2451089.9183
1.206503,69.042917,22.998889,175,043610.3+225956,CFHT-2,,11.63,0.05,,11.43,0.05,,11.34,0.06,,11.32,0.06,>,10.61,,>,1.48,,>,-3.51,,,,,no,no,,1,[MDM2001] CFHT-BD-Tau 2,,star,II,M7.5,,3.0,-1.8,<,0.0024,,69.0429,22.9989,04361038+2259560,69.043281,+22.998896,0.060,0.060,0,13.754,12.762,12.169,0.025,0.022,0.019,AAA,222,0,2451089.9190
1.571055,69.079167,25.716111,176,043619.0+254258,LkCa 14,,8.52,0.05,,8.54,0.05,,8.51,0.05,,8.45,0.05,,8.24,0.1,>,0.99,,>,-0.98,,,no,no,no,no,,1,LkCa 14,yso,star,III,M0,,0.0,-0.2,<,4.5E-5,,69.0792,25.7161,04361909+2542589,69.079551,+25.716377,0.060,0.060,90,9.336,8.713,8.580,0.019,0.028,0.026,AAA,222,0,2451812.9115
1.042734,69.162083,22.969722,177,043638.9+225811,CFHT-3,,11.79,0.05,,11.69,0.05,,11.59,0.06,,11.57,0.06,>,8.55,,>,1.12,,,,,,,,no,no,,1,[MDM2001] CFHT-BD-Tau 3,,star,III,M7.75,,1.8,-1.9,<,0.0025,,69.1621,22.9697,04363893+2258119,69.162240,+22.969973,0.080,0.060,0,13.724,12.861,12.367,0.026,0.024,0.025,AAA,222,0,2451089.9208
0.882347,69.204583,24.216111,178,043649.1+241258,HD 283759,,8.32,0.05,,8.25,0.05,,8.3,0.05,,8.2,0.05,,6.64,0.05,,1.1,0.22,>,0.51,,yes,yes,yes,no,no,,1,HD 283759,yso,star,II,F2,5.5,0.4,0.4,,0.0037,b,69.2046,24.2161,04364912+2412588,69.204687,+24.216337,0.060,0.060,0,8.701,8.436,8.335,0.023,0.018,0.019,AAA,112,0,2451138.7331
0.583113,69.503333,25.9825,179,043800.8+255857,ITG 2,,9.6,0.05,,9.47,0.05,,9.37,0.05,,9.31,0.05,,9.17,0.19,>,0.96,,>,-2.05,,,no,no,no,no,,1,ITG 2,yso,star,III,M7.25,,2.3,-0.9,<,8.9E-5,,69.5033,25.9825,04380083+2558572,69.503499,+25.982563,0.240,0.120,90,11.540,10.622,10.097,0.022,0.018,0.023,AAA,222,0,2451138.7508
1.242584,69.561667,26.194167,180,043814.8+261139,J04381486+2611399,,10.8,0.05,,10.21,0.05,,9.64,0.05,,8.92,0.05,,4.98,0.04,>,0.8,,>,-1.11,,,yes,yes,yes,yes,,1,2MASS J04381486+2611399,yso,class II,I,M7.25,,3.5,-2.3,,0.75,,69.5617,26.1942,04381486+2611399,69.561920,+26.194427,0.390,0.110,90,15.176,14.128,12.981,0.049,0.046,0.030,AAA,222,0,2451138.7509
0.665735,69.565,23.040833,181,043815.6+230227,RXJ0438.2+2302,,9.69,0.05,,9.69,0.05,,9.64,0.05,,9.6,0.05,>,9.35,,>,1.08,,,,,,,,no,no,,1,RXJ0438.2+2302,,star,III,M1,,0.3,-0.7,<,7.8E-4,,69.565,23.0408,04381561+2302276,69.565071,+23.041006,0.060,0.060,0,10.623,9.931,9.769,0.023,0.022,0.021,AAA,222,0,2451136.7424
0.914255,69.58875,26.153611,182,043821.3+260913,GM Tau,,9.27,0.05,,8.77,0.05,,8.43,0.05,,7.81,0.05,,5.33,0.04,>,0.97,,>,-1.31,,,yes,yes,yes,yes,,1,GM Tau,yso,class II,II,,,,,,,c,69.5887,26.1536,04382134+2609137,69.588917,+26.153816,0.620,0.110,90,12.804,11.586,10.632,0.022,0.019,0.018,AAA,222,0,2451138.7509
1.184653,69.61875,26.180278,183,043828.5+261049,DO Tau,<,6.62,,<,6.1,,,5.26,0.05,,4.77,0.05,,1.09,0.04,,-1.37,0.22,,-3.92,0.34,yes,yes,yes,,,,1,DO Tau,,,II,M0,,4.9,0.3,,0.28,,69.6187,26.1803,04382858+2610494,69.619091,+26.180399,0.060,0.060,90,9.470,8.243,7.303,0.022,0.033,0.017,AAA,211,0,2451100.8477
1.269101,69.646667,26.177222,184,043835.2+261038,HV Tau AB,,7.65,0.05,,7.59,0.05,,7.49,0.05,,7.46,0.05,,,,>,0.72,,>,-3.65,,,,,no,no,,1,HV Tau AB,,star,III,M1,,2.5,0.1,<,0.0012,,69.6467,26.1772,04383528+2610386,69.647008,+26.177397,0.060,0.060,90,9.227,8.284,7.906,0.023,0.026,0.024,AAA,211,0,2451100.8477
1.368248,69.74375,23.609722,186,043858.5+233635,J0438586+2336352,,10.51,0.05,,,,,9.84,0.05,,,,,6.39,0.05,>,0.85,,,,,,yes,,,,,1,[SCH2006b] J0438586+2336352,,,II,M4.25,,0.0,-1.3,,0.085,,69.7437,23.6097,04385859+2336351,69.744162,+23.609766,0.090,0.060,0,11.975,11.362,11.033,0.023,0.023,0.018,AAA,222,0,2451089.9457
1.072980,69.756667,23.600556,187,043901.6+233602,J0439016+2336030,,9.76,0.05,,,,,9.18,0.05,,,,,6.28,0.05,>,2.3,,,,,,yes,,,,,1,[SCH2006b] J0439016+2336030,,,II,M6,-3.3,0.9,-1.0,,0.044,,69.7567,23.6006,04390163+2336029,69.756795,+23.600830,0.090,0.060,0,11.335,10.595,10.185,0.023,0.023,0.018,AAA,222,0,2451089.9456
0.910285,69.76625,25.740556,188,043903.9+254426,CFHT-6,,10.75,0.05,,10.45,0.05,,10.02,0.06,,9.14,0.05,,6.51,0.05,>,0.47,,>,-0.54,,,yes,yes,yes,yes,c,1,[MDM2001] CFHT-BD-Tau 6,yso,class II,II,M7.25,,1.3,-1.5,,0.12,,69.7662,25.7406,04390396+2544264,69.766500,+25.740671,0.060,0.060,90,12.646,11.841,11.368,0.022,0.021,0.020,AAA,222,0,2451100.8511
1.418162,69.77625,23.571389,189,043906.3+233417,J0439064+2334179,,10.73,0.05,,,,,10.62,0.06,,,,>,9.32,,,,,,,,,,,,,,1,[SCH2006b] J0439064+2334179,,,III,M7.5,,0.0,-1.4,<,,,69.7762,23.5714,04390637+2334179,69.776569,+23.571653,0.090,0.060,0,12.093,11.531,11.192,0.023,0.023,0.018,AAA,222,0,2451089.9456
1.530539,69.8075,25.888889,190,043913.8+255320,IRAS04361+2547 AB,,8.0,0.05,,7.08,0.05,,6.46,0.05,,4.82,0.05,<,0.45,,<,-2.3,,<,-4.73,,,,,yes,yes,,1,IRAS04361+2547,,class II,I,,,,,,,c,69.8075,25.8889,04391389+2553208,69.807887,+25.889133,0.080,0.080,90,16.438,13.017,10.721,0.120,0.041,0.027,BAA,222,1,2451100.8512
1.410231,69.82375,22.350833,191,043917.7+222103,LkCa 15,,7.61,0.05,,7.41,0.05,,7.23,0.05,,6.64,0.05,,3.11,0.04,,-0.4,0.22,,-2.47,0.22,yes,yes,yes,yes,yes,,1,LkCa 15,yso,class II,II,K5,,1.9,0.0,,0.1,,69.8237,22.3508,04391779+2221034,69.824148,+22.350967,0.110,0.060,0,9.424,8.600,8.163,0.020,0.018,0.018,AAA,211,0,2451089.9475
0.168778,69.837083,25.750556,192,043920.9+254502,GN Tau B,,6.99,0.05,,6.58,0.05,,6.21,0.05,,5.42,0.05,,2.82,0.04,,1.59,0.22,>,-2.43,,yes,yes,yes,yes,yes,,1,GN Tau,yso,class II,II,M2.5,,5.7,0.0,,0.2,,69.8371,25.7506,04392090+2545021,69.837123,+25.750586,0.060,0.060,90,10.196,8.893,8.060,0.025,0.026,0.027,AAA,221,0,2451100.8511
1.457471,69.89625,25.695556,193,043935.1+254144,IRAS04365+2535,,7.22,0.05,<,6.1,,,4.87,0.05,,4.16,0.05,<,0.45,,,-2.17,0.22,<,-3.82,,,,,,,c,1,IRAS04365+2535,,,I,,,,,,,c,69.8962,25.6956,04393519+2541447,69.896640,+25.695757,0.080,0.080,73,16.905,13.752,10.837,,0.061,0.022,UAA,022,1,2451100.8577
1.370857,69.9475,26.027778,194,043947.4+260140,CFHT-4,,9.54,0.05,,9.07,0.05,,8.6,0.05,,7.78,0.05,,4.95,0.04,>,0.91,,>,-4.76,,,yes,yes,yes,yes,,1,[MDM2001] CFHT-BD-Tau 4,yso,class II,II,M7,,4.4,-1.0,,0.14,,69.9475,26.0278,04394748+2601407,69.947849,+26.027994,0.070,0.060,90,12.168,11.008,10.332,0.023,0.021,0.018,AAA,222,0,2451100.8575
0.624057,69.982083,25.750556,196,043955.7+254502,IC2087 IRS,<,6.62,,<,6.1,,<,3.49,,<,3.52,,<,0.45,,,-2.17,0.22,>,-5.41,,,,,,,c,1,NAME IC 2087 IR,,,flat,K4,,18.0,1.3,,0.41,,69.9821,25.7506,04395574+2545020,69.982275,+25.750568,0.060,0.060,90,10.668,8.052,6.275,0.023,0.018,0.018,AAA,211,0,2451100.8577
0.649493,70.007083,25.941389,197,044001.7+255629,CFHT-17 AB,,10.15,0.05,,9.96,0.05,,9.87,0.05,,9.82,0.06,,9.1,0.18,>,0.74,,>,-2.26,,,yes,yes-faint,no,no,,1,[MDM2001] CFHT-BD-Tau 17,yso,star,III,M5.75,,8.4,-0.9,<,2.3E-4,,70.0071,25.9414,04400174+2556292,70.007271,+25.941452,0.060,0.060,90,13.220,11.641,10.763,0.025,0.021,0.020,AAA,222,0,2451100.8609
0.382708,70.033333,26.090278,198,044008.0+260525,IRAS 04370+2559,,7.96,0.05,,7.38,0.05,,6.93,0.05,,5.93,0.05,,2.43,0.04,,0.75,0.22,>,-1.78,,yes,yes,yes,yes,yes,,1,IRAS 04370+2559,yso,class II,II,<M0,,13.1,0.0,,0.15,,70.0333,26.0903,04400800+2605253,70.033342,+26.090384,0.060,0.060,90,12.406,10.248,8.869,0.023,0.029,0.018,AAA,222,0,2451100.8610
1.258833,70.165417,25.318333,199,044039.7+251906,J04403979+2519061 AB,,9.84,0.05,,9.68,0.06,,9.62,0.05,,9.57,0.05,,7.55,0.05,>,1.0,,>,-2.43,,,yes,yes-faint,no,no,,1,2MASS J04403979+2519061,yso,star,III,M5.25,,3.6,-0.9,,0.0042,,70.1654,25.3183,04403979+2519061,70.165802,+25.318367,0.060,0.060,0,11.822,10.791,10.237,0.023,0.026,0.019,AAA,222,0,2451100.8677
0.211027,70.20625,25.855278,200,044049.5+255119,JH223,,8.9,0.05,,8.6,0.05,,8.24,0.05,,7.74,0.05,,5.13,0.04,,2.2,0.22,>,0.93,,yes,yes,yes,yes,yes,,1,JH223,yso,class II,II,M2,,1.5,-0.6,,0.08,,70.2062,25.8553,04404950+2551191,70.206284,+25.855328,0.060,0.060,90,10.750,9.919,9.492,0.023,0.028,0.022,AAA,222,0,2451100.8673
0.600221,70.2675,25.965556,201,044104.2+255756,Haro 6-32,,9.66,0.05,,9.56,0.06,,9.49,0.05,,9.46,0.06,,9.59,0.33,>,0.7,,>,-0.83,,,no,no,no,no,,1,Haro 6-32,star,star,III,M5,,0.6,-0.9,<,2.9E-5,,70.2675,25.9656,04410424+2557561,70.267682,+25.965588,0.060,0.060,90,10.947,10.262,9.952,0.021,0.020,0.018,AAA,222,0,2451100.8706
0.266926,70.269583,24.851667,202,044104.7+245106,IW Tau AB,,8.13,0.05,,8.15,0.05,,8.08,0.05,,8.03,0.05,,7.97,0.07,>,1.08,,,,,,no,no,no,no,,1,IW Tau,star,star,III,K7,,1.1,0.0,<,4.0E-5,,70.2696,24.8517,04410470+2451062,70.269618,+24.851734,0.070,0.060,90,9.244,8.479,8.275,0.022,0.020,0.026,AAA,211,0,2451100.8698
0.963790,70.284167,25.935278,203,044108.2+255607,ITG 33 A,,9.68,0.05,,9.05,0.05,,8.49,0.05,,7.73,0.05,,4.6,0.04,>,0.67,,>,0.73,,,yes,yes,yes,yes,,1,ITG 33 A,yso,class II,flat,M3,,8.3,-1.1,,0.33,,70.2842,25.9353,04410826+2556074,70.284426,+25.935410,0.060,0.060,90,13.735,12.146,11.087,0.027,0.021,0.020,AAA,222,0,2451100.8706
1.315657,70.294583,25.919722,204,044110.7+255511,ITG 34,,10.78,0.05,,10.35,0.05,,9.92,0.06,,9.22,0.05,,6.48,0.05,>,0.74,,>,-1.25,,,yes,yes,yes,yes,,1,ITG 34,yso,class II,II,M5.5,,4.0,-1.4,,0.1,,70.2946,25.9197,04411078+2555116,70.294936,+25.919903,0.060,0.060,90,13.193,12.120,11.445,0.025,0.023,0.020,AAA,222,0,2451100.8706
1.149723,70.3025,25.776389,205,044112.6+254635,IRAS04381+2540,,9.15,0.05,,7.76,0.05,,6.72,0.05,,5.75,0.05,,1.43,0.04,,-1.92,0.22,,-4.33,0.34,yes,yes,yes,yes,yes,,1,IRAS04381+2540,yso,embedded,I,,,,,,,c,70.3025,25.7764,04411267+2546354,70.302830,+25.776506,0.080,0.080,45,17.150,14.137,11.541,0.225,0.057,0.024,DAA,222,1,2451100.8705
0.814058,70.411667,25.940556,206,044138.8+255626,IRAS04385+2550,,8.24,0.05,,7.74,0.05,,7.13,0.05,,6.05,0.05,,1.86,0.04,,-0.9,0.22,,-2.73,0.22,yes,yes,yes,yes,yes,,1,IRAS04385+2550,yso,class II,flat,M0,,9.3,-0.2,,0.3,,70.4117,25.9406,04413882+2556267,70.411763,+25.940765,0.070,0.060,90,11.849,10.123,9.200,0.023,0.022,0.018,AAA,222,0,2451100.8768
0.843703,70.450833,25.575,207,044148.2+253430,J04414825+2534304,,11.43,0.05,,10.93,0.05,,10.5,0.06,,9.54,0.05,,6.33,0.05,>,1.02,,>,-4.57,,,yes,yes-faint,yes,yes,,1,2MASS J04414825+2534304,yso,class II,II,M7.75,,2.4,-1.8,,0.21,,70.4508,25.575,04414825+2534304,70.451043,+25.575138,0.070,0.060,90,13.730,12.799,12.220,0.026,0.021,0.023,AAA,222,0,2451100.8771
1.195817,70.5225,25.382222,208,044205.4+252256,LkHa332/G2 AB,,7.99,0.05,,7.87,0.05,,7.74,0.05,,7.7,0.05,,7.18,0.05,,,,>,-4.69,,,yes,yes,no,no,b,1,CoKu LkHA 332 G2,yso,star,III,K7,,4.3,0.1,,1.6E-4,,70.5225,25.3822,04420548+2522562,70.522856,+25.382305,0.060,0.060,90,9.787,8.663,8.227,0.022,0.034,0.020,AAA,211,0,2451100.8798
0.412670,70.530417,25.384167,209,044207.3+252303,LkHa332/G1 AB,,7.65,0.05,,7.62,0.05,,7.53,0.05,,7.51,0.06,,,,>,0.51,,>,-2.34,,,,,no,no,b,1,CoKu LkHA 332 G1,,star,III,M1,,4.6,0.2,<,6.5E-4,,70.5304,25.3842,04420732+2523032,70.530523,+25.384230,0.060,0.060,90,9.580,8.401,7.945,0.023,0.024,0.023,AAA,211,0,2451100.8798
1.286265,70.532083,25.386389,210,044207.7+252311,V955 Tau Ab,,6.99,0.05,,6.58,0.05,,6.15,0.05,,5.4,0.05,,2.76,0.04,,-0.56,0.22,>,-2.07,,yes,yes,yes,yes,yes,b,1,V955 Tau,yso,class II,II,K7,,5.0,0.2,,0.14,,70.5321,25.3864,04420777+2523118,70.532392,+25.386612,0.060,0.060,90,9.811,8.601,7.942,0.022,0.021,0.016,AAA,211,0,2451100.8798
0.447766,70.5875,25.342778,211,044221.0+252034,CIDA-7,,9.51,0.05,,9.11,0.05,,8.65,0.05,,7.79,0.05,,4.2,0.04,,1.13,0.22,>,-1.18,,yes,yes,yes,yes,yes,,1,[BCG93] 7,yso,class II,II,M3,,1.6,-0.9,,0.2,,70.5875,25.3428,04422101+2520343,70.587572,+25.342884,0.060,0.060,90,11.397,10.575,10.169,0.023,0.022,0.018,AAA,222,0,2451100.8798
1.398675,70.656667,25.260278,212,044237.6+251537,DP Tau,,7.57,0.05,,6.9,0.05,,6.34,0.05,,5.37,0.05,,1.9,0.04,,0.54,0.22,>,-1.7,,yes,yes,yes,yes,yes,,1,DP Tau,yso,class II,II,M0.5,,5.6,-0.3,,0.37,,70.6567,25.2603,04423769+2515374,70.657073,+25.260405,0.220,0.090,90,10.995,9.689,8.760,0.021,0.017,0.016,AAA,222,0,2451138.7575
1.488259,70.7625,25.338333,213,044303.0+252018,GO Tau,,8.9,0.05,,8.64,0.05,,8.21,0.05,,7.42,0.05,,4.3,0.04,,1.03,0.22,>,0.53,,yes,yes,yes,yes,yes,,1,GO Tau,yso,class II,II,M0,,2.3,-0.5,,0.096,,70.7625,25.3383,04430309+2520187,70.762894,+25.338543,0.210,0.090,90,10.712,9.776,9.332,0.021,0.017,0.018,AAA,222,0,2451138.7575
0.596653,71.112917,25.204444,214,044427.1+251216,IRAS04414+2506,,9.56,0.05,,9.0,0.05,,8.36,0.05,,7.43,0.05,,4.25,0.04,,1.76,0.22,>,0.05,,yes,yes,yes,yes,yes,,1,IRAS S04414+2506,yso,class II,II,M7.25,,1.6,-1.3,,0.44,,71.1129,25.2044,04442713+2512164,71.113051,+25.204557,0.060,0.060,90,12.195,11.359,10.761,0.021,0.017,0.018,AAA,222,0,2451138.7695
0.400079,71.6775,24.984167,215,044642.6+245903,RXJ04467+2459,,10.05,0.05,,9.97,0.05,,9.87,0.06,,9.9,0.05,,9.53,0.26,>,0.96,,,,,,no,no,no,no,,1,RX J0446.7+2459,yso,star,III,M4,,0.0,-1.0,<,1.5E-4,,71.6775,24.9842,04464260+2459034,71.677506,+24.984278,0.060,0.060,0,11.261,10.667,10.338,0.021,0.020,0.018,AAA,222,0,2450785.7308
